taskId,sourceSheet,sourceRow,section,kpacId,title,function,stage,marker,requiredType,taskDescription,documentOrEvidence,responsible,remarks,expandedByAllGatesRule,uiStage,originalStage
GPM_GR-12-Gate0-1,Gate Checklist-更新版,5,,GPM_GR-12,"Customer Requirements (Volumes, Key dates, others)",Customer,Gate 0,X,required,Verify customer requirements and share them with team,Customer Documents,Sales,,False,CKO,Gate 0
GPM_GR-12-PKO-3,Gate Checklist-更新版,5,,GPM_GR-12,"Customer Requirements (Volumes, Key dates, others)",Customer,PKO,X,required,Verify customer requirements and share them with team,Customer Documents,Sales,,False,PKO,PKO
GPM_GR-12-Gate1-4,Gate Checklist-更新版,5,,GPM_GR-12,"Customer Requirements (Volumes, Key dates, others)",Customer,Gate 1,X,required,Verify customer requirements and share them with team,Customer Documents,Sales,,False,Gate1,Gate 1
GPM_GR-12-Gate4-5,Gate Checklist-更新版,5,,GPM_GR-12,"Customer Requirements (Volumes, Key dates, others)",Customer,Gate 4,X,required,"Verify that PPAP and Post PPAP milestones are confirmed, verify SOP and Ramp Up plan",Customer Documents,Sales,,False,Gate4,Gate 4
GPM_GR-12-Gate5-6,Gate Checklist-更新版,5,,GPM_GR-12,"Customer Requirements (Volumes, Key dates, others)",Customer,Gate 5,X,required,"Verify that SOP milestones are confirmed, verify Ramp Up plan and Peak volumes",Customer Documents,Sales,,False,Gate5,Gate 5
GPM_GR-14-Gate0-7,Gate Checklist-更新版,6,,GPM_GR-14,RFQ / Gate0 / Quotation,Customer,Gate 0,X,required,Kick off and lead internal RFQ. Generate Gate Zero document. Quotation package,MP-SA-001 B,Sales,,False,CKO,Gate 0
GPM_GR-15-CKO-8,Gate Checklist-更新版,7,,GPM_GR-15,Commercial Kick Off,Customer,CKO,X,required,"PKO Gate: Every program detail (design, price, volume and terms & conditions with Customer, Contracted capacity, agreement with customer, etc) has to be included in a presentation (ppt) that summarizes conditions of the awarded business.
Gate 1: Share any updates (if applicable) with launch team",Quote Commercial Kick-Off meeting ppt,Sales,,False,CKO,CKO
GPM_GR-15-PKO-9,Gate Checklist-更新版,7,,GPM_GR-15,Commercial Kick Off,Customer,PKO,X,required,"Every program detail (design, price, volume and terms & conditions with Customer, Contracted capacity, agreement with customer, etc) has to be included in a presentation (ppt) that summarizes conditions of the awarded business.",Quote Commercial Kick-Off meeting ppt,Sales,,False,PKO,PKO
GPM_GR-15-Gate1-10,Gate Checklist-更新版,7,,GPM_GR-15,Commercial Kick Off,Customer,Gate 1,X,required,Share any updates (if applicable) with launch team,Quote Commercial Kick-Off meeting ppt,Sales,,False,Gate1,Gate 1
GPM_GR-16-CKO-11,Gate Checklist-更新版,8,,GPM_GR-16,"Program Award (LOI, PO)",Customer,CKO,X,required,"PKO Gate: Sales to organize commercial kick off and provide official contractual documents.
Gate 1: Share any updates (if applicable) with launch team",LOI / NL,Customer,,False,CKO,CKO
GPM_GR-16-PKO-12,Gate Checklist-更新版,8,,GPM_GR-16,"Program Award (LOI, PO)",Customer,PKO,X,required,Sales to organize commercial kick off and provide official contractual documents.,LOI / NL,Customer,,False,PKO,PKO
GPM_GR-16-Gate1-13,Gate Checklist-更新版,8,,GPM_GR-16,"Program Award (LOI, PO)",Customer,Gate 1,X,required,Share any updates (if applicable) with launch team,LOI / NL,Customer,,False,Gate1,Gate 1
GPM_GR-17-Gate2-14,Gate Checklist-更新版,9,,GPM_GR-17,Obtain Prototype PO,Customer,Gate 2,X,required,Get PO,Customer PO,,,False,Gate2,Gate 2
GPM_GR-17-Gate3-15,Gate Checklist-更新版,9,,GPM_GR-17,Obtain Prototype PO,Customer,Gate 3,X,required,Check that we obtained prototype orders,Customer PO,,,False,Gate3,Gate 3
GPM_GR-18-Gate2-16,Gate Checklist-更新版,10,,GPM_GR-18,Obtain Tool and PPAP orders,Customer,Gate 2,X,required,Check that we obtained Tool and PPAP orders,Customer PO,,,False,Gate2,Gate 2
GPM_GR-18-Gate3-17,Gate Checklist-更新版,10,,GPM_GR-18,Obtain Tool and PPAP orders,Customer,Gate 3,X,required,Verify that PO for PPAP are available or planned in time (if applicable),Customer PO,,,False,Gate3,Gate 3
GPM_GR-18-Gate4-18,Gate Checklist-更新版,10,,GPM_GR-18,Obtain Tool and PPAP orders,Customer,Gate 4,X,required,Verify that PO’s have been received from customer,Customer PO,,,False,Gate4,Gate 4
GPM_GR-125-Gate0-19,Gate Checklist-更新版,11,,GPM_GR-125,Pre-RFQ activities,Customer,Gate 0,X,required,"To agree and sign NDA with customer before the start of information exchange (if requested)
Verify possible new customer GT&C and engage legal office when necessary",,Sales,,False,CKO,Gate 0
GPM_GR-126-Gate4-20,Gate Checklist-更新版,12,,GPM_GR-126,Service parts RFQ/PO,Customer,Gate 4,X,required,to get RFQ from customer for service parts (if applicable) and organize internal RFQ.,Customer RFQ/PO,Sales,,False,Gate4,Gate 4
GPM_GR-126-Gate5-21,Gate Checklist-更新版,12,,GPM_GR-126,Service parts RFQ/PO,Customer,Gate 5,X,required,to get PO for service parts (if applicable),Customer RFQ/PO,Sales,,False,Gate5,Gate 5
GPM_GR-164-Gate4-22,Gate Checklist-更新版,13,,GPM_GR-164,Customer Recoveries,Customer,Gate 4,X,required,"Identify any customer recoveries that need to be negotiated, like Inflationary Impact, change on volumes, raw material changes, etc.",Customer PO / Agreement,Sales,,False,Gate4,Gate 4
GPM_GR-164-Gate5-23,Gate Checklist-更新版,13,,GPM_GR-164,Customer Recoveries,Customer,Gate 5,X,required,Obtain an Agreement from the customer for any Impact compensation.,Customer PO / Agreement,Sales,,False,Gate5,Gate 5
GPM_GR-164-Gate6-24,Gate Checklist-更新版,13,,GPM_GR-164,Customer Recoveries,Customer,Gate 6,X,required,"Check that financial Impacts are compensated by the customer, if we have a retro payment agreement with the customer",Customer PO / Agreement,Sales,,False,Gate6,Gate 6
GPM_GR-1-Gate0-25,Gate Checklist-更新版,15,Plan and Define-----PM,GPM_GR-1,Gate0 Financial Model (RSM),Plan and Define,Gate 0,X,required,,Gate 0 RSM,Finance,,False,CKO,Gate 0
GPM_GR-2-Gate0-26,Gate Checklist-更新版,16,Plan and Define-----PM,GPM_GR-2,Gate 0 MLT Approval,Plan and Define,Gate 0,X,required,Check the approved Gate0 program assumptions and keep them as a reference for the PKO and AR prepration,Gate 0 Form,MLT,,False,CKO,Gate 0
GPM_GR-2-PKO-28,Gate Checklist-更新版,16,Plan and Define-----PM,GPM_GR-2,Gate 0 MLT Approval,Plan and Define,PKO,X,required,Check the approved Gate0 program assumptions and keep them as a reference for the PKO and AR prepration,Gate 0 Form,MLT,,False,PKO,PKO
GPM_GR-4-CKO-29,Gate Checklist-更新版,17,Plan and Define-----PM,GPM_GR-4,Program Kick Off Meeting,Plan and Define,CKO,X,required,Hold the corresponding Program Kick Off event following the guidelines of MP-PM-001. Use and update when necessary the program assumptions reported at the Program Kick Off meeting,MP-PM-001,PM,,False,CKO,CKO
GPM_GR-4-PKO-30,Gate Checklist-更新版,17,Plan and Define-----PM,GPM_GR-4,Program Kick Off Meeting,Plan and Define,PKO,X,required,Hold the corresponding Program Kick Off event following the guidelines of MP-PM-001. Use and update when necessary the program assumptions reported at the Program Kick Off meeting,MP-PM-001,PM,,False,PKO,PKO
GPM_GR-10-CKO-31,Gate Checklist-更新版,18,Plan and Define-----PM,GPM_GR-10,Prototype Builds Plan,Plan and Define,CKO,X,required,"Develop a plan for prototype builds that will be produced at the manufacturing plant (partially or complete)  Include all the requirements, supplier strategy, manufacturing strategy, and the inspections/tests responsibilities. Check with Quality the appropriate Control Plan is available and controls are in place.",Timing Plan,PM,,False,CKO,CKO
GPM_GR-10-PKO-32,Gate Checklist-更新版,18,Plan and Define-----PM,GPM_GR-10,Prototype Builds Plan,Plan and Define,PKO,X,required,"Develop a plan for prototype builds that will be produced at the manufacturing plant (partially or complete)  Include all the requirements, supplier strategy, manufacturing strategy, and the inspections/tests responsibilities. Check with Quality the appropriate Control Plan is available and controls are in place.",Timing Plan,PM,,False,PKO,PKO
GPM_GR-10-Gate1-33,Gate Checklist-更新版,18,Plan and Define-----PM,GPM_GR-10,Prototype Builds Plan,Plan and Define,Gate 1,X,required,"Develop a plan for prototype builds that will be produced at the manufacturing plant (partially or complete)  Include all the requirements, supplier strategy, manufacturing strategy, and the inspections/tests responsibilities. Check with Quality the appropriate Control Plan is available and controls are in place.",Timing Plan,PM,,False,Gate1,Gate 1
GPM_GR-162-PKO-34,Gate Checklist-更新版,19,Plan and Define-----PM,GPM_GR-162,Evaluate Risk of pre-spend,Plan and Define,PKO,√,optional,"If prespend is needed, evaluate if there is a risk to have R3 drawings, machine specifications, quotes, SoBo, or any other input needed to kick off tooling/equipment on time.","MP-PM-005 Attachment F, Risk Register",PM,,False,PKO,PKO
GPM_GR-162-Gate1-35,Gate Checklist-更新版,19,Plan and Define-----PM,GPM_GR-162,Evaluate Risk of pre-spend,Plan and Define,Gate 1,X,required,"If prespend is needed, evaluate if there is a risk to have R3 drawings, machine specifications, quotes, SoBo, or any other input needed to kick off tooling/equipment on time.","MP-PM-005 Attachment F, Risk Register",PM,,False,Gate1,Gate 1
GPM_GR-6-Gate2-36,Gate Checklist-更新版,20,Plan and Define-----PM,GPM_GR-6,AR Package,Plan and Define,Gate 2,X,required,"Assure that the AR package including signed Yellow Sheet is stored and available in PM SharePoint in the appropriate folder, cleaned up from any obsolete document
Add the link to the SharePoint folder as evidence",MP-PM-005 Link to Folder in SharePoint,PM,,False,Gate2,Gate 2
GPM_GR-7-Gate2-37,Gate Checklist-更新版,21,Plan and Define-----PM,GPM_GR-7,Review OTS Plans,Plan and Define,Gate 2,X,required,"Re-check timing plan for the OTS build, getting updated info from Manufacturing Eng and Supply Chain on tooling leadtime and confirm customer OTS timing - Verify bottleneck and set monitoring plan",Timing Plan,PM,,False,Gate2,Gate 2
GPM_GR-7-Gate3-38,Gate Checklist-更新版,21,Plan and Define-----PM,GPM_GR-7,Review OTS Plans,Plan and Define,Gate 3,X,required,Verify that all the activities planned for the OTS builds have been executed,Timing Plan,PM,,False,Gate3,Gate 3
NO_ID-Gate2-39,Gate Checklist-更新版,22,Plan and Define-----PM,,Review PPAP Plans,Plan and Define,Gate 2,√,optional,"Re-check timing plan for the PPAP build, getting updated info from M.Eng. and Supply Chain on tooling / equip. lead time, confirm customer PPAP timing–Verify bottleneck and set monitoring plan.",Timing Plan,PM,,False,Gate2,Gate 2
NO_ID-Gate3-40,Gate Checklist-更新版,22,Plan and Define-----PM,,Review PPAP Plans,Plan and Define,Gate 3,X,required,"Re-check lead-times for PPAP, verify and update when necessary the timing plan.",Timing Plan,PM,,False,Gate3,Gate 3
NO_ID-Gate4-41,Gate Checklist-更新版,22,Plan and Define-----PM,,Review PPAP Plans,Plan and Define,Gate 4,X,required,Verify that all the activities planned for the PPAP builds have been executed,Timing Plan,PM,,False,Gate4,Gate 4
NO_ID-Gate2-42,Gate Checklist-更新版,23,Plan and Define-----PM,,Review SOP Plans,Plan and Define,Gate 2,√,optional,"Verify customer SOP timing and any specific activity required for SOP, schedule Gate 5",Timing Plan,PM,,False,Gate2,Gate 2
NO_ID-Gate3-43,Gate Checklist-更新版,23,Plan and Define-----PM,,Review SOP Plans,Plan and Define,Gate 3,√,optional,"Re-check lead times for SOP, verify and update when necessary the timing plan. Set Gate 5 accordingly",Timing Plan,PM,,False,Gate3,Gate 3
NO_ID-Gate4-44,Gate Checklist-更新版,23,Plan and Define-----PM,,Review SOP Plans,Plan and Define,Gate 4,X,required,"Re-check lead times for SOP, verify and update when necessary the timing plan. Set Gate 5 accordingly",Timing Plan,PM,,False,Gate4,Gate 4
NO_ID-Gate5-45,Gate Checklist-更新版,23,Plan and Define-----PM,,Review SOP Plans,Plan and Define,Gate 5,X,required,Update timing plan and Auros Team Board,Timing Plan,PM,,False,Gate5,Gate 5
GPM_GR-118-CKO-46,Gate Checklist-更新版,24,Plan and Define-----PM,GPM_GR-118,Update Program Financials,Plan and Define,CKO,X,required,"Evaluate if there are changes that impact the financials. If yes, run again the Risk Strategist Model (RSM) and compare the actual financials with the required financials.
The Required Financials are the latest approved by BU, this means the ones approved for the Quote or the ones reported in the latest approved AR.
The Actual Financials are the latest re-calculated financials as per the RSM based on actual data or latest program assumptions. Assumptions are valid only if the implementation is already agreed and approved internally and with the customer.
The following is a list of potential root causes to be added on the explanation if financials are below target. Add first the root cause and then the detailed explanation. If the root cause is not in the list, please add it:
- Design changes
- BOM cost increase
- Volume Changes
- SOP Postponed
- Process Issue
- Initial tasks assigned at Gate 0
- Inflationary effects.
- Raw material Index definition.
Check the attachment for further details",RSM / Financial Walk if needed,PM,,False,CKO,CKO
GPM_GR-118-PKO-47,Gate Checklist-更新版,24,Plan and Define-----PM,GPM_GR-118,Update Program Financials,Plan and Define,PKO,X,required,"Evaluate if there are changes that impact the financials. If yes, run again the Risk Strategist Model (RSM) and compare the actual financials with the required financials.
The Required Financials are the latest approved by BU, this means the ones approved for the Quote or the ones reported in the latest approved AR.
The Actual Financials are the latest re-calculated financials as per the RSM based on actual data or latest program assumptions. Assumptions are valid only if the implementation is already agreed and approved internally and with the customer.
The following is a list of potential root causes to be added on the explanation if financials are below target. Add first the root cause and then the detailed explanation. If the root cause is not in the list, please add it:
- Design changes
- BOM cost increase
- Volume Changes
- SOP Postponed
- Process Issue
- Initial tasks assigned at Gate 0
- Inflationary effects.
- Raw material Index definition.
Check the attachment for further details",RSM / Financial Walk if needed,PM,,False,PKO,PKO
GPM_GR-118-Gate1-48,Gate Checklist-更新版,24,Plan and Define-----PM,GPM_GR-118,Update Program Financials,Plan and Define,Gate 1,√,optional,"Evaluate if there are changes that impact the financials. If yes, run again the Risk Strategist Model (RSM) and compare the actual financials with the required financials.
The Required Financials are the latest approved by BU, this means the ones approved for the Quote or the ones reported in the latest approved AR.
The Actual Financials are the latest re-calculated financials as per the RSM based on actual data or latest program assumptions. Assumptions are valid only if the implementation is already agreed and approved internally and with the customer.
The following is a list of potential root causes to be added on the explanation if financials are below target. Add first the root cause and then the detailed explanation. If the root cause is not in the list, please add it:
- Design changes
- BOM cost increase
- Volume Changes
- SOP Postponed
- Process Issue
- Initial tasks assigned at Gate 0
- Inflationary effects.
- Raw material Index definition.
Check the attachment for further details",RSM / Financial Walk if needed,PM,,False,Gate1,Gate 1
GPM_GR-118-Gate2-49,Gate Checklist-更新版,24,Plan and Define-----PM,GPM_GR-118,Update Program Financials,Plan and Define,Gate 2,√,optional,"Evaluate if there are changes that impact the financials. If yes, run again the Risk Strategist Model (RSM) and compare the actual financials with the required financials.
The Required Financials are the latest approved by BU, this means the ones approved for the Quote or the ones reported in the latest approved AR.
The Actual Financials are the latest re-calculated financials as per the RSM based on actual data or latest program assumptions. Assumptions are valid only if the implementation is already agreed and approved internally and with the customer.
The following is a list of potential root causes to be added on the explanation if financials are below target. Add first the root cause and then the detailed explanation. If the root cause is not in the list, please add it:
- Design changes
- BOM cost increase
- Volume Changes
- SOP Postponed
- Process Issue
- Initial tasks assigned at Gate 0
- Inflationary effects.
- Raw material Index definition.
Check the attachment for further details",RSM / Financial Walk if needed,PM,,False,Gate2,Gate 2
GPM_GR-118-Gate3-50,Gate Checklist-更新版,24,Plan and Define-----PM,GPM_GR-118,Update Program Financials,Plan and Define,Gate 3,√,optional,"Evaluate if there are changes that impact the financials. If yes, run again the Risk Strategist Model (RSM) and compare the actual financials with the required financials.
The Required Financials are the latest approved by BU, this means the ones approved for the Quote or the ones reported in the latest approved AR.
The Actual Financials are the latest re-calculated financials as per the RSM based on actual data or latest program assumptions. Assumptions are valid only if the implementation is already agreed and approved internally and with the customer.
The following is a list of potential root causes to be added on the explanation if financials are below target. Add first the root cause and then the detailed explanation. If the root cause is not in the list, please add it:
- Design changes
- BOM cost increase
- Volume Changes
- SOP Postponed
- Process Issue
- Initial tasks assigned at Gate 0
- Inflationary effects.
- Raw material Index definition.
Check the attachment for further details",RSM / Financial Walk if needed,PM,,False,Gate3,Gate 3
GPM_GR-118-Gate4-51,Gate Checklist-更新版,24,Plan and Define-----PM,GPM_GR-118,Update Program Financials,Plan and Define,Gate 4,√,optional,"Evaluate if there are changes that impact the financials. If yes, run again the Risk Strategist Model (RSM) and compare the actual financials with the required financials.
The Required Financials are the latest approved by BU, this means the ones approved for the Quote or the ones reported in the latest approved AR.
The Actual Financials are the latest re-calculated financials as per the RSM based on actual data or latest program assumptions. Assumptions are valid only if the implementation is already agreed and approved internally and with the customer.
The following is a list of potential root causes to be added on the explanation if financials are below target. Add first the root cause and then the detailed explanation. If the root cause is not in the list, please add it:
- Design changes
- BOM cost increase
- Volume Changes
- SOP Postponed
- Process Issue
- Initial tasks assigned at Gate 0
- Inflationary effects.
- Raw material Index definition.
Check the attachment for further details",RSM / Financial Walk if needed,PM,,False,Gate4,Gate 4
GPM_GR-118-Gate5-52,Gate Checklist-更新版,24,Plan and Define-----PM,GPM_GR-118,Update Program Financials,Plan and Define,Gate 5,√,optional,"Evaluate if there are changes that impact the financials. If yes, run again the Risk Strategist Model (RSM) and compare the actual financials with the required financials.
The Required Financials are the latest approved by BU, this means the ones approved for the Quote or the ones reported in the latest approved AR.
The Actual Financials are the latest re-calculated financials as per the RSM based on actual data or latest program assumptions. Assumptions are valid only if the implementation is already agreed and approved internally and with the customer.
The following is a list of potential root causes to be added on the explanation if financials are below target. Add first the root cause and then the detailed explanation. If the root cause is not in the list, please add it:
- Design changes
- BOM cost increase
- Volume Changes
- SOP Postponed
- Process Issue
- Initial tasks assigned at Gate 0
- Inflationary effects.
- Raw material Index definition.
Check the attachment for further details",RSM / Financial Walk if needed,PM,,False,Gate5,Gate 5
GPM_GR-118-Gate6-53,Gate Checklist-更新版,24,Plan and Define-----PM,GPM_GR-118,Update Program Financials,Plan and Define,Gate 6,√,optional,"Evaluate if there are changes that impact the financials. If yes, run again the Risk Strategist Model (RSM) and compare the actual financials with the required financials.
The Required Financials are the latest approved by BU, this means the ones approved for the Quote or the ones reported in the latest approved AR.
The Actual Financials are the latest re-calculated financials as per the RSM based on actual data or latest program assumptions. Assumptions are valid only if the implementation is already agreed and approved internally and with the customer.
The following is a list of potential root causes to be added on the explanation if financials are below target. Add first the root cause and then the detailed explanation. If the root cause is not in the list, please add it:
- Design changes
- BOM cost increase
- Volume Changes
- SOP Postponed
- Process Issue
- Initial tasks assigned at Gate 0
- Inflationary effects.
- Raw material Index definition.
Check the attachment for further details",RSM / Financial Walk if needed,PM,,False,Gate6,Gate 6
GPM_GR-119-PKO-54,Gate Checklist-更新版,25,Plan and Define-----PM,GPM_GR-119,"Generate Lessons Learned and apply to the program
Risk Assessment Updated - Previous and New Risks",Plan and Define,PKO,X,required,"Schedule a Lessons Learned session and Risk Management with the Cross Functional Team to generate Lessons Learned and document the output in Auros. Include a summary of the Lessons Learned created in the comments section.
Review the actions defined when LL from other programs were reviewed and when LL were created and ensure that those actions are incorporated in this program
Request all team members to investigate Lessons Learned that may be applicable to the program and have a session with the team so everybody can share, review, understand, and decide which action must be taken in the program. Attach the output of the session in this K-PAC/question and include a summary in the Comments section",MP-PM-007 / LL in Auros,PM,,False,PKO,PKO
GPM_GR-119-Gate1-55,Gate Checklist-更新版,25,Plan and Define-----PM,GPM_GR-119,"Generate Lessons Learned and apply to the program
Risk Assessment Updated - Previous and New Risks",Plan and Define,Gate 1,√,optional,"Schedule a Lessons Learned session and Risk Management with the Cross Functional Team to generate Lessons Learned and document the output in Auros. Include a summary of the Lessons Learned created in the comments section.
Review the actions defined when LL from other programs were reviewed and when LL were created and ensure that those actions are incorporated in this program
Request all team members to investigate Lessons Learned that may be applicable to the program and have a session with the team so everybody can share, review, understand, and decide which action must be taken in the program. Attach the output of the session in this K-PAC/question and include a summary in the Comments section",MP-PM-007 / LL in Auros,PM,,False,Gate1,Gate 1
GPM_GR-119-Gate2-56,Gate Checklist-更新版,25,Plan and Define-----PM,GPM_GR-119,"Generate Lessons Learned and apply to the program
Risk Assessment Updated - Previous and New Risks",Plan and Define,Gate 2,√,optional,"Schedule a Lessons Learned session and Risk Management with the Cross Functional Team to generate Lessons Learned and document the output in Auros. Include a summary of the Lessons Learned created in the comments section.
Review the actions defined when LL from other programs were reviewed and when LL were created and ensure that those actions are incorporated in this program
Request all team members to investigate Lessons Learned that may be applicable to the program and have a session with the team so everybody can share, review, understand, and decide which action must be taken in the program. Attach the output of the session in this K-PAC/question and include a summary in the Comments section",MP-PM-007 / LL in Auros,PM,,False,Gate2,Gate 2
GPM_GR-119-Gate3-57,Gate Checklist-更新版,25,Plan and Define-----PM,GPM_GR-119,"Generate Lessons Learned and apply to the program
Risk Assessment Updated - Previous and New Risks",Plan and Define,Gate 3,√,optional,"Schedule a Lessons Learned session and Risk Management with the Cross Functional Team to generate Lessons Learned and document the output in Auros. Include a summary of the Lessons Learned created in the comments section.
Review the actions defined when LL from other programs were reviewed and when LL were created and ensure that those actions are incorporated in this program
Request all team members to investigate Lessons Learned that may be applicable to the program and have a session with the team so everybody can share, review, understand, and decide which action must be taken in the program. Attach the output of the session in this K-PAC/question and include a summary in the Comments section",MP-PM-007 / LL in Auros,PM,,False,Gate3,Gate 3
GPM_GR-119-Gate4-58,Gate Checklist-更新版,25,Plan and Define-----PM,GPM_GR-119,"Generate Lessons Learned and apply to the program
Risk Assessment Updated - Previous and New Risks",Plan and Define,Gate 4,√,optional,"Schedule a Lessons Learned session and Risk Management with the Cross Functional Team to generate Lessons Learned and document the output in Auros. Include a summary of the Lessons Learned created in the comments section.
Review the actions defined when LL from other programs were reviewed and when LL were created and ensure that those actions are incorporated in this program
Request all team members to investigate Lessons Learned that may be applicable to the program and have a session with the team so everybody can share, review, understand, and decide which action must be taken in the program. Attach the output of the session in this K-PAC/question and include a summary in the Comments section",MP-PM-007 / LL in Auros,PM,,False,Gate4,Gate 4
GPM_GR-119-Gate5-59,Gate Checklist-更新版,25,Plan and Define-----PM,GPM_GR-119,"Generate Lessons Learned and apply to the program
Risk Assessment Updated - Previous and New Risks",Plan and Define,Gate 5,√,optional,"Schedule a Lessons Learned session and Risk Management with the Cross Functional Team to generate Lessons Learned and document the output in Auros. Include a summary of the Lessons Learned created in the comments section.
Review the actions defined when LL from other programs were reviewed and when LL were created and ensure that those actions are incorporated in this program
Request all team members to investigate Lessons Learned that may be applicable to the program and have a session with the team so everybody can share, review, understand, and decide which action must be taken in the program. Attach the output of the session in this K-PAC/question and include a summary in the Comments section",MP-PM-007 / LL in Auros,PM,,False,Gate5,Gate 5
GPM_GR-119-Gate6-60,Gate Checklist-更新版,25,Plan and Define-----PM,GPM_GR-119,"Generate Lessons Learned and apply to the program
Risk Assessment Updated - Previous and New Risks",Plan and Define,Gate 6,√,optional,"Schedule a Lessons Learned session and Risk Management with the Cross Functional Team to generate Lessons Learned and document the output in Auros. Include a summary of the Lessons Learned created in the comments section.
Review the actions defined when LL from other programs were reviewed and when LL were created and ensure that those actions are incorporated in this program
Request all team members to investigate Lessons Learned that may be applicable to the program and have a session with the team so everybody can share, review, understand, and decide which action must be taken in the program. Attach the output of the session in this K-PAC/question and include a summary in the Comments section",MP-PM-007 / LL in Auros,PM,,False,Gate6,Gate 6
GPM_GR-127-Gate2-61,Gate Checklist-更新版,26,Plan and Define-----PM,GPM_GR-127,Tooling Rebill with customer,Plan and Define,Gate 2,X,required,Customer proof of tooling plan understood and established with RASIC. Understand what are the specific customer  requirements and if needed include those requirements in the PO's and APQP kickoff meeting with suppliers. Define who is Responsible within the team to ensure the tooling requirements are met BEFORE PPAP,,"Sales,PM",,False,Gate2,Gate 2
GPM_GR-127-Gate4-62,Gate Checklist-更新版,26,Plan and Define-----PM,GPM_GR-127,Tooling Rebill with customer,Plan and Define,Gate 4,√,optional,Tool Rebill Submission to customer is planned to be done on time. All requirements from suppliers are already covered.,,"Sales,PM",,False,Gate4,Gate 4
GPM_GR-127-Gate5-63,Gate Checklist-更新版,26,Plan and Define-----PM,GPM_GR-127,Tooling Rebill with customer,Plan and Define,Gate 5,√,optional,Tool Rebill already submitted to customer or planned to be submitted on time,,"Sales,PM",,False,Gate5,Gate 5
GPM_GR-127-Gate6-64,Gate Checklist-更新版,26,Plan and Define-----PM,GPM_GR-127,Tooling Rebill with customer,Plan and Define,Gate 6,√,optional,Tooling rebill money received,,"Sales,PM",,False,Gate6,Gate 6
GPM_GR-128-Gate6-65,Gate Checklist-更新版,27,Plan and Define-----PM,GPM_GR-128,Program Closure,Plan and Define,Gate 6,X,required,"Close the program following the guidelines explained in MP-PM-003 and completing the information in the ""Programs to Close"" file that is available in PM Share Point",MP-PM-003 / Programs to Close file in PM SharePoint,PM,,False,Gate6,Gate 6
GPM_GR-32-CKO-66,Gate Checklist-更新版,29,Process Design and Development-Jim Ji,GPM_GR-32,Review of Gate 0 Quote Assumptions & Product NUD's,Process Design and Development,CKO,X,required,Check status of the MSOk and the Manufacturing Strategy as reported at the Gate 0 and at the current state,MP-PM-005,Mfg Engineering,,False,CKO,CKO
GPM_GR-32-PKO-67,Gate Checklist-更新版,29,Process Design and Development-Jim Ji,GPM_GR-32,Review of Gate 0 Quote Assumptions & Product NUD's,Process Design and Development,PKO,X,required,Check status of the MSOk and the Manufacturing Strategy as reported at the Gate 0 and at the current state,MP-PM-005,Mfg Engineering,,False,PKO,PKO
GPM_GR-33-PKO-68,Gate Checklist-更新版,30,Process Design and Development-Jim Ji,GPM_GR-33,"For New Equipment, Establish Target Supplier List",Process Design and Development,PKO,X,required,"Alignment with plant M.Eng, AME and Supply Chain on supplier list, target prices and equipment kick off dates -present capital equipment strategy at pre-RFQ Sourcing Board",MP-M-011,"Mfg Engineering,SCM",,False,PKO,PKO
GPM_GR-33-Gate1-69,Gate Checklist-更新版,30,Process Design and Development-Jim Ji,GPM_GR-33,"For New Equipment, Establish Target Supplier List",Process Design and Development,Gate 1,X,required,"Alignment with plant M.Eng, AME and Supply Chain on supplier list, target prices and equipment kick off dates -present capital equipment strategy at pre-RFQ Sourcing Board",MP-M-011,"Mfg Engineering,SCM",,False,Gate1,Gate 1
GPM_GR-34-CKO-70,Gate Checklist-更新版,31,Process Design and Development-Jim Ji,GPM_GR-34,Develop Mfg NUD List & Action Plans,Process Design and Development,CKO,X,required,Check if the document has been developed – If there are NUD’s,,Mfg Engineering,,False,CKO,CKO
GPM_GR-34-PKO-71,Gate Checklist-更新版,31,Process Design and Development-Jim Ji,GPM_GR-34,Develop Mfg NUD List & Action Plans,Process Design and Development,PKO,X,required,Check if the document has been developed – If there are NUD’s,,Mfg Engineering,,False,PKO,PKO
GPM_GR-36-PKO-72,Gate Checklist-更新版,32,Process Design and Development-Jim Ji,GPM_GR-36,Preliminary Material Handling Plan & Cost Estimate,Process Design and Development,PKO,X,required,"Check if internal and external special handling devices have been included in the cost estimation. Responsible function changes by plant, identify the specific owner in Champion column",,"Mfg Engineering,Logistic",,False,PKO,PKO
GPM_GR-36-Gate1-73,Gate Checklist-更新版,32,Process Design and Development-Jim Ji,GPM_GR-36,Preliminary Material Handling Plan & Cost Estimate,Process Design and Development,Gate 1,X,required,"Check if internal and external special handling devices have been included in the cost estimation. Responsible function changes by plant, identify the specific owner in Champion column",,"Mfg Engineering,Logistic",,False,Gate1,Gate 1
GPM_GR-37-Gate0-74,Gate Checklist-更新版,33,Process Design and Development-Jim Ji,GPM_GR-37,Estimated Facility Cost Estimate,Process Design and Development,Gate 0,X,required,Check if any building or plant auxiliaries equipment have been considered,,Mfg Engineering,,False,CKO,Gate 0
GPM_GR-37-PKO-75,Gate Checklist-更新版,33,Process Design and Development-Jim Ji,GPM_GR-37,Estimated Facility Cost Estimate,Process Design and Development,PKO,X,required,Check if any building or plant auxiliaries equipment have been considered,,Mfg Engineering,,False,PKO,PKO
GPM_GR-37-Gate1-76,Gate Checklist-更新版,33,Process Design and Development-Jim Ji,GPM_GR-37,Estimated Facility Cost Estimate,Process Design and Development,Gate 1,X,required,Check if any building or plant auxiliaries equipment have been considered,,Mfg Engineering,,False,Gate1,Gate 1
GPM_GR-38-PKO-77,Gate Checklist-更新版,34,Process Design and Development-Jim Ji,GPM_GR-38,Preliminary Packaging Plan & Cost Estimate,Process Design and Development,PKO,X,required,"Check if internal and external handling (packaging etc) has been included in the cost estimation. Responsible function changes by plant, identify the specific owner in Champion column",,"Mfg Engineering,Logistic",,False,PKO,PKO
GPM_GR-38-Gate1-78,Gate Checklist-更新版,34,Process Design and Development-Jim Ji,GPM_GR-38,Preliminary Packaging Plan & Cost Estimate,Process Design and Development,Gate 1,X,required,"Check if internal and external handling (packaging etc) has been included in the cost estimation. Responsible function changes by plant, identify the specific owner in Champion column",,"Mfg Engineering,Logistic",,False,Gate1,Gate 1
GPM_GR-39-PKO-79,Gate Checklist-更新版,35,Process Design and Development-Jim Ji,GPM_GR-39,"Estimated CapEx, Expense, and Tooling Costs & Timing",Process Design and Development,PKO,X,required,Get confirmation of the assumptions to be considered in the AR,"Form A, Capex spending curve",Mfg Engineering,,False,PKO,PKO
GPM_GR-39-Gate1-80,Gate Checklist-更新版,35,Process Design and Development-Jim Ji,GPM_GR-39,"Estimated CapEx, Expense, and Tooling Costs & Timing",Process Design and Development,Gate 1,X,required,Get confirmation of the assumptions to be considered in the AR,"Form A, Capex spending curve",Mfg Engineering,,False,Gate1,Gate 1
GPM_GR-40-Gate2-81,Gate Checklist-更新版,36,Process Design and Development-Jim Ji,GPM_GR-40,"Firm Quotes & Timing for CapEx, Facilities, Expenses, Tooling",Process Design and Development,Gate 2,X,required,"Verify with M.Eng that firm quotes and timing have been received for equipment and tooling, confirm start up expenses and any facility required",MP-M-009,"Mfg Engineering,Maintenance",,False,Gate2,Gate 2
GPM_GR-41-Gate2-82,Gate Checklist-更新版,37,Process Design and Development-Jim Ji,GPM_GR-41,New Floor Plan Layout & Move Plan,Process Design and Development,Gate 2,X,required,Verify that Floor Plan Layout study is completed and any moves are included in the timing plan,Layout,Mfg Engineering,,False,Gate2,Gate 2
GPM_GR-42-Gate2-83,Gate Checklist-更新版,38,Process Design and Development-Jim Ji,GPM_GR-42,Updated Cap Ex Timeline with PPAP and SOP Milestones,Process Design and Development,Gate 2,X,required,Verify in detail and update the timing plan for Cap.Ex installation and validation,"Timing Plan, Spending Curve Updated",Mfg Engineering,,False,Gate2,Gate 2
GPM_GR-43-Gate2-84,Gate Checklist-更新版,39,Process Design and Development-Jim Ji,GPM_GR-43,Updated NUD List with Action Items,Process Design and Development,Gate 2,X,required,Check Process NUD list and the related action plan,,Mfg Engineering,,False,Gate2,Gate 2
GPM_GR-45-CKO-85,Gate Checklist-更新版,40,Process Design and Development-Jim Ji,GPM_GR-45,Conversion strategy details for equipment,Process Design and Development,CKO,X,required,Verify that any conversion of existing equipment is planned and included in the timing plan,,Mfg Engineering,,False,CKO,CKO
GPM_GR-45-PKO-86,Gate Checklist-更新版,40,Process Design and Development-Jim Ji,GPM_GR-45,Conversion strategy details for equipment,Process Design and Development,PKO,X,required,Verify that any conversion of existing equipment is planned and included in the timing plan,,Mfg Engineering,,False,PKO,PKO
GPM_GR-45-Gate1-87,Gate Checklist-更新版,40,Process Design and Development-Jim Ji,GPM_GR-45,Conversion strategy details for equipment,Process Design and Development,Gate 1,X,required,Verify that any conversion of existing equipment is planned and included in the timing plan,,Mfg Engineering,,False,Gate1,Gate 1
GPM_GR-46-Gate2-88,Gate Checklist-更新版,41,Process Design and Development-Jim Ji,GPM_GR-46,Packaging Plan with fleet calculator and costs,Process Design and Development,Gate 2,X,required,"Verify packaging plan. Responsible function changes by plant, identify the specific owner in Champion column",,"Mfg Engineering,Logistic",,False,Gate2,Gate 2
GPM_GR-47-Gate2-89,Gate Checklist-更新版,42,Process Design and Development-Jim Ji,GPM_GR-47,Material Handling Plan,Process Design and Development,Gate 2,X,required,"Verify that any specific material handling is included in the plan.  Responsible function changes by plant, identify the specific owner in Champion column",,"Mfg Engineering,CI",,False,Gate2,Gate 2
GPM_GR-48-Gate3-90,Gate Checklist-更新版,43,Process Design and Development-Jim Ji,GPM_GR-48,"Process Documentation (Work Instructions, Setup Checklist, Registers)",Process Design and Development,Gate 3,X,required,"Verify that all process documentation have been released and available on the shop floor (where required), If serial equipment needed for OTS, then evaluate at Gate 3. If not, at Gate 4",,Mfg Engineering,,False,Gate3,Gate 3
GPM_GR-48-Gate4-91,Gate Checklist-更新版,43,Process Design and Development-Jim Ji,GPM_GR-48,"Process Documentation (Work Instructions, Setup Checklist, Registers)",Process Design and Development,Gate 4,X,required,"Verify that all process documentation have been released and available on the shop floor (where required), If serial equipment needed for OTS, then evaluate at Gate 3. If not, at Gate 4",,Mfg Engineering,,False,Gate4,Gate 4
GPM_GR-50-Gate3-92,Gate Checklist-更新版,44,Process Design and Development-Jim Ji,GPM_GR-50,Make/Create max/min samples for testing print or machine process limits. Include Mastering Strategy,Process Design and Development,Gate 3,X,required,"Define the plan and quantity of samples needed to test print, define machine process limits, verify error proofings and  final master samples needed.",MP-M-003 Section 11,Mfg Engineering,,False,Gate3,Gate 3
GPM_GR-50-Gate4-93,Gate Checklist-更新版,44,Process Design and Development-Jim Ji,GPM_GR-50,Make/Create max/min samples for testing print or machine process limits. Include Mastering Strategy,Process Design and Development,Gate 4,X,required,"Verify that process limits have geen defned, all error proofing devices have been verified and master parts are available",MP-M-003 Section 11,Mfg Engineering,,False,Gate4,Gate 4
GPM_GR-51-Gate4-94,Gate Checklist-更新版,45,Process Design and Development-Jim Ji,GPM_GR-51,Material Handling in Place,Process Design and Development,Gate 4,X,required,"Verify that all material handling devices are installed. Include packagig verification with rust inhibitor and part survivability. Responsible function changes by plant, identify the specific owner in Champion column",,"Mfg Engineering,CI",,False,Gate4,Gate 4
GPM_GR-52-Gate4-95,Gate Checklist-更新版,46,Process Design and Development-Jim Ji,GPM_GR-52,Approved Customer Packaging Form,Process Design and Development,Gate 4,X,required,"Verify that Customer Packaging is approved and available for PPAP shipment. Responsible function changes by plant, identify the specific owner in Champion column",,"Mfg Engineering,Logistic",,False,Gate4,Gate 4
GPM_GR-54-Gate4-96,Gate Checklist-更新版,47,Process Design and Development-Jim Ji,GPM_GR-54,Capacity Verification,Process Design and Development,Gate 4,X,required,Capacity Verification: verify that appropriate capacity is installed (based on Customer requirement). At Gate 4 the production of a continuous 300 parts must meet the contracted requirements.,Customer Capacity Verification form or GSM-F028,Mfg Engineering,,False,Gate4,Gate 4
GPM_GR-54-Gate5-97,Gate Checklist-更新版,47,Process Design and Development-Jim Ji,GPM_GR-54,Capacity Verification,Process Design and Development,Gate 5,X,required,Capacity Verification: verify that appropriate capacity is installed (based on Customer requirement). Build a minimum of 1 day of production before SOP to demonstrate full capacity – Verify any pending from PPAP has been resolved.,Customer Capacity Verification form or GSM-F028,Mfg Engineering,,False,Gate5,Gate 5
GPM_GR-55-Gate4-98,Gate Checklist-更新版,48,Process Design and Development-Jim Ji,GPM_GR-55,Job Safety Analysis (JSA),Process Design and Development,Gate 4,X,required,Verify has been completed for any new process,JSA,Mfg Engineering,,False,Gate4,Gate 4
GPM_GR-55-Gate5-99,Gate Checklist-更新版,48,Process Design and Development-Jim Ji,GPM_GR-55,Job Safety Analysis (JSA),Process Design and Development,Gate 5,X,required,Verify has been completed for any new process,JSA,Mfg Engineering,,False,Gate5,Gate 5
GPM_GR-129-Gate0-100,Gate Checklist-更新版,49,Process Design and Development-Jim Ji,GPM_GR-129,MSOk Rating and Risks,Process Design and Development,Gate 0,X,required,"Check the MSOk form, review the assumptions, rating, and risks identified so they are followed up",MP-M-005 MSOk form,Mfg Engineering,,False,CKO,Gate 0
GPM_GR-130-Gate2-101,Gate Checklist-更新版,50,Process Design and Development-Jim Ji,GPM_GR-130,Machine / Equipment Specification,Process Design and Development,Gate 2,X,required,"Create machine specification that includes all the items that the supplier must consider to develop a concept and prepare a quote.
Cross check the assumptions with other RUs or GCIC ME teams",MP-M-003,Mfg Engineering,,False,Gate2,Gate 2
GPM_GR-131-CKO-102,Gate Checklist-更新版,51,Process Design and Development-Jim Ji,GPM_GR-131,Process Flow,Process Design and Development,CKO,X,required,"PKO Gate: Develop preliminary process flow
Gate 2: Develop final process flow",Process Flow document,Mfg Engineering,,False,CKO,CKO
GPM_GR-131-PKO-103,Gate Checklist-更新版,51,Process Design and Development-Jim Ji,GPM_GR-131,Process Flow,Process Design and Development,PKO,X,required,Develop preliminary process flow,Process Flow document,Mfg Engineering,,False,PKO,PKO
GPM_GR-131-Gate2-104,Gate Checklist-更新版,51,Process Design and Development-Jim Ji,GPM_GR-131,Process Flow,Process Design and Development,Gate 2,X,required,Develop final process flow,Process Flow document,Mfg Engineering,,False,Gate2,Gate 2
GPM_GR-132-PKO-105,Gate Checklist-更新版,52,Process Design and Development-Jim Ji,GPM_GR-132,PFMEA,Process Design and Development,PKO,X,required,"Gate 1: Preliminary PFMEA and required error proofing for all processes
Gate 2: PFMEA available for all processes. Document must include all prevention/detection controls that must be quoted and considered by the equipment supplier
Gate 4: All PFMEA's with Product Engineering Sing Off. Verify PFMEA’s are completed and reviewed, all new equipment / tooling are in place and formally validated",MP-M-013,Mfg Engineering,,False,PKO,PKO
GPM_GR-132-Gate1-106,Gate Checklist-更新版,52,Process Design and Development-Jim Ji,GPM_GR-132,PFMEA,Process Design and Development,Gate 1,X,required,Preliminary PFMEA and required error proofing for all processes,MP-M-013,Mfg Engineering,,False,Gate1,Gate 1
GPM_GR-132-Gate2-107,Gate Checklist-更新版,52,Process Design and Development-Jim Ji,GPM_GR-132,PFMEA,Process Design and Development,Gate 2,X,required,PFMEA available for all processes. Document must include all prevention/detection controls that must be quoted and considered by the equipment supplier,MP-M-013,Mfg Engineering,,False,Gate2,Gate 2
GPM_GR-132-Gate4-108,Gate Checklist-更新版,52,Process Design and Development-Jim Ji,GPM_GR-132,PFMEA,Process Design and Development,Gate 4,X,required,"All PFMEA's with Product Engineering Sing Off. Verify PFMEA’s are completed and reviewed, all new equipment / tooling are in place and formally validated",MP-M-013,Mfg Engineering,,False,Gate4,Gate 4
GPM_GR-133-Gate2-109,Gate Checklist-更新版,53,Process Design and Development-Jim Ji,GPM_GR-133,Define / Confirm manufacturing strategy for OTS for internal processes,Process Design and Development,Gate 2,X,required,Develop plan to ensure that production intent processes will be used in BorgWarner to produce OTS parts,,Mfg Engineering,,False,Gate2,Gate 2
GPM_GR-134-Gate2-110,Gate Checklist-更新版,54,Process Design and Development-Jim Ji,GPM_GR-134,Process Validation,Process Design and Development,Gate 2,X,required,Prepare the plan to validate each process,,Mfg Engineering,,False,Gate2,Gate 2
GPM_GR-134-Gate4-111,Gate Checklist-更新版,54,Process Design and Development-Jim Ji,GPM_GR-134,Process Validation,Process Design and Development,Gate 4,X,required,Review validation plan status at PPAP,,Mfg Engineering,,False,Gate4,Gate 4
GPM_GR-134-Gate5-112,Gate Checklist-更新版,54,Process Design and Development-Jim Ji,GPM_GR-134,Process Validation,Process Design and Development,Gate 5,X,required,Complete validation plan at SOP,,Mfg Engineering,,False,Gate5,Gate 5
GPM_GR-135-Gate3-113,Gate Checklist-更新版,55,Process Design and Development-Jim Ji,GPM_GR-135,Targeting component dimensions for optimal assembly,Process Design and Development,Gate 3,X,required,"Define the range, within specification, in which the components must be produced to have an optimal assembly",,Mfg Engineering,,False,Gate3,Gate 3
GPM_GR-136-Gate3-114,Gate Checklist-更新版,56,Process Design and Development-Jim Ji,GPM_GR-136,Create spare parts list,Process Design and Development,Gate 3,X,required,"Create spare part list based on supplier recommendations and internal guidelines. Responsible function changes by plant, identify the specific owner in Champion column",,"Mfg Engineering,Maintenance",,False,Gate3,Gate 3
GPM_GR-137-Gate3-115,Gate Checklist-更新版,57,Process Design and Development-Jim Ji,GPM_GR-137,Create preventive maintenance plan,Process Design and Development,Gate 3,X,required,"Create preventive maintenance plan based on supplier recommendations and internal guidelines. Responsible function changes by plant, identify the specific owner in Champion column",,"Mfg Engineering,Maintenance",,False,Gate3,Gate 3
GPM_GR-138-Gate3-116,Gate Checklist-更新版,58,Process Design and Development-Jim Ji,GPM_GR-138,Equipment readiness,Process Design and Development,Gate 3,X,required,Equipment / tooling ready for OTS,,Mfg Engineering,,False,Gate3,Gate 3
GPM_GR-138-Gate4-117,Gate Checklist-更新版,58,Process Design and Development-Jim Ji,GPM_GR-138,Equipment readiness,Process Design and Development,Gate 4,X,required,Equipment sign-off,,Mfg Engineering,,False,Gate4,Gate 4
GPM_GR-113-Gate6-118,Gate Checklist-更新版,59,Process Design and Development-Jim Ji,GPM_GR-113,Internal Processes Performance,Process Design and Development,Gate 6,X,required,Check and track internal process performance – based on the key internal processes defined in the Contract,OEE / Scrap reports,Mfg Engineering,,False,Gate6,Gate 6
GPM_GR-21-Gate0-119,Gate Checklist-更新版,61,Product Design and Development - AE,GPM_GR-21,"ESO K (product NUD, CPS, DR, DMEA, DVP&R)",Product Design and Development,Gate 0,X,required,"For all gates, create a hashtag link to the corresponding ESO Assessment",MP-E-GEN002,Product Eng,,True,CKO,Gate 0
GPM_GR-21-PKO-121,Gate Checklist-更新版,61,Product Design and Development - AE,GPM_GR-21,"ESO K (product NUD, CPS, DR, DMEA, DVP&R)",Product Design and Development,PKO,X,required,Check status of the ESOK as reported at the Gate0 and at the current state,MP-E-GEN002,Product Eng,,True,PKO,PKO
GPM_GR-21-Gate1-122,Gate Checklist-更新版,61,Product Design and Development - AE,GPM_GR-21,"ESO K (product NUD, CPS, DR, DMEA, DVP&R)",Product Design and Development,Gate 1,X,required,Check status of the ESOK as reported at the Gate0 and at the current state,MP-E-GEN002,Product Eng,,True,Gate1,Gate 1
GPM_GR-21-Gate2-123,Gate Checklist-更新版,61,Product Design and Development - AE,GPM_GR-21,"ESO K (product NUD, CPS, DR, DMEA, DVP&R)",Product Design and Development,Gate 2,X,required,"Check any progress on NUD, CPS, DR, DFMEA, DVP&R",MP-E-GEN002,Product Eng,,True,Gate2,Gate 2
GPM_GR-21-Gate3-124,Gate Checklist-更新版,61,Product Design and Development - AE,GPM_GR-21,"ESO K (product NUD, CPS, DR, DMEA, DVP&R)",Product Design and Development,Gate 3,X,required,"For all gates, create a hashtag link to the corresponding ESO Assessment",MP-E-GEN002,Product Eng,,True,Gate3,Gate 3
GPM_GR-21-Gate4-125,Gate Checklist-更新版,61,Product Design and Development - AE,GPM_GR-21,"ESO K (product NUD, CPS, DR, DMEA, DVP&R)",Product Design and Development,Gate 4,X,required,"For all gates, create a hashtag link to the corresponding ESO Assessment",MP-E-GEN002,Product Eng,,True,Gate4,Gate 4
GPM_GR-21-Gate5-126,Gate Checklist-更新版,61,Product Design and Development - AE,GPM_GR-21,"ESO K (product NUD, CPS, DR, DMEA, DVP&R)",Product Design and Development,Gate 5,X,required,"For all gates, create a hashtag link to the corresponding ESO Assessment",MP-E-GEN002,Product Eng,,True,Gate5,Gate 5
GPM_GR-21-Gate6-127,Gate Checklist-更新版,61,Product Design and Development - AE,GPM_GR-21,"ESO K (product NUD, CPS, DR, DMEA, DVP&R)",Product Design and Development,Gate 6,X,required,"For all gates, create a hashtag link to the corresponding ESO Assessment",MP-E-GEN002,Product Eng,,True,Gate6,Gate 6
GPM_GR-22-Gate0-128,Gate Checklist-更新版,62,Product Design and Development - AE,GPM_GR-22,ESO 1 - Release of R1 DWG (Proto),Product Design and Development,Gate 0,X,required,"For all gates, create a hashtag link to the corresponding ESO Assessment",MP-E-GEN002,Product Eng,,True,CKO,Gate 0
GPM_GR-22-PKO-130,Gate Checklist-更新版,62,Product Design and Development - AE,GPM_GR-22,ESO 1 - Release of R1 DWG (Proto),Product Design and Development,PKO,X,required,"For all gates, create a hashtag link to the corresponding ESO Assessment",MP-E-GEN002,Product Eng,,True,PKO,PKO
GPM_GR-22-Gate1-131,Gate Checklist-更新版,62,Product Design and Development - AE,GPM_GR-22,ESO 1 - Release of R1 DWG (Proto),Product Design and Development,Gate 1,X,required,Check if the ESO1 is executed or planned in time for prototype phase builds,MP-E-GEN002,Product Eng,,True,Gate1,Gate 1
GPM_GR-22-Gate2-132,Gate Checklist-更新版,62,Product Design and Development - AE,GPM_GR-22,ESO 1 - Release of R1 DWG (Proto),Product Design and Development,Gate 2,X,required,"Verify the status of the prototype builds (on time deliveries, customer satisfaction)",MP-E-GEN002,Product Eng,,True,Gate2,Gate 2
GPM_GR-22-Gate3-133,Gate Checklist-更新版,62,Product Design and Development - AE,GPM_GR-22,ESO 1 - Release of R1 DWG (Proto),Product Design and Development,Gate 3,X,required,Release of R1 DWG (Proto): check with ENG if there are any pending from ESO1,MP-E-GEN002,Product Eng,,True,Gate3,Gate 3
GPM_GR-22-Gate4-134,Gate Checklist-更新版,62,Product Design and Development - AE,GPM_GR-22,ESO 1 - Release of R1 DWG (Proto),Product Design and Development,Gate 4,X,required,"For all gates, create a hashtag link to the corresponding ESO Assessment",MP-E-GEN002,Product Eng,,True,Gate4,Gate 4
GPM_GR-22-Gate5-135,Gate Checklist-更新版,62,Product Design and Development - AE,GPM_GR-22,ESO 1 - Release of R1 DWG (Proto),Product Design and Development,Gate 5,X,required,"For all gates, create a hashtag link to the corresponding ESO Assessment",MP-E-GEN002,Product Eng,,True,Gate5,Gate 5
GPM_GR-22-Gate6-136,Gate Checklist-更新版,62,Product Design and Development - AE,GPM_GR-22,ESO 1 - Release of R1 DWG (Proto),Product Design and Development,Gate 6,X,required,"For all gates, create a hashtag link to the corresponding ESO Assessment",MP-E-GEN002,Product Eng,,True,Gate6,Gate 6
GPM_GR-24-Gate0-137,Gate Checklist-更新版,63,Product Design and Development - AE,GPM_GR-24,ESO 2 - Release of R2 DWG (Production Intent),Product Design and Development,Gate 0,X,required,"For all gates, create a hashtag link to the corresponding ESO Assessment",MP-E-GEN002,Product Eng,,True,CKO,Gate 0
GPM_GR-24-PKO-139,Gate Checklist-更新版,63,Product Design and Development - AE,GPM_GR-24,ESO 2 - Release of R2 DWG (Production Intent),Product Design and Development,PKO,X,required,"For all gates, create a hashtag link to the corresponding ESO Assessment",MP-E-GEN002,Product Eng,,True,PKO,PKO
GPM_GR-24-Gate1-140,Gate Checklist-更新版,63,Product Design and Development - AE,GPM_GR-24,ESO 2 - Release of R2 DWG (Production Intent),Product Design and Development,Gate 1,X,required,Verify status of R2 drawings,MP-E-GEN002,Product Eng,,True,Gate1,Gate 1
GPM_GR-24-Gate2-141,Gate Checklist-更新版,63,Product Design and Development - AE,GPM_GR-24,ESO 2 - Release of R2 DWG (Production Intent),Product Design and Development,Gate 2,X,required,Verify that R2 (where applicable) have been released,MP-E-GEN002,Product Eng,,True,Gate2,Gate 2
GPM_GR-24-Gate3-142,Gate Checklist-更新版,63,Product Design and Development - AE,GPM_GR-24,ESO 2 - Release of R2 DWG (Production Intent),Product Design and Development,Gate 3,X,required,"For all gates, create a hashtag link to the corresponding ESO Assessment",MP-E-GEN002,Product Eng,,True,Gate3,Gate 3
GPM_GR-24-Gate4-143,Gate Checklist-更新版,63,Product Design and Development - AE,GPM_GR-24,ESO 2 - Release of R2 DWG (Production Intent),Product Design and Development,Gate 4,X,required,"For all gates, create a hashtag link to the corresponding ESO Assessment",MP-E-GEN002,Product Eng,,True,Gate4,Gate 4
GPM_GR-24-Gate5-144,Gate Checklist-更新版,63,Product Design and Development - AE,GPM_GR-24,ESO 2 - Release of R2 DWG (Production Intent),Product Design and Development,Gate 5,X,required,"For all gates, create a hashtag link to the corresponding ESO Assessment",MP-E-GEN002,Product Eng,,True,Gate5,Gate 5
GPM_GR-24-Gate6-145,Gate Checklist-更新版,63,Product Design and Development - AE,GPM_GR-24,ESO 2 - Release of R2 DWG (Production Intent),Product Design and Development,Gate 6,X,required,"For all gates, create a hashtag link to the corresponding ESO Assessment",MP-E-GEN002,Product Eng,,True,Gate6,Gate 6
GPM_GR-25-Gate0-146,Gate Checklist-更新版,64,Product Design and Development - AE,GPM_GR-25,ESO 3 - Release of R3 DWG (Mass Production),Product Design and Development,Gate 0,X,required,"For all gates, create a hashtag link to the corresponding ESO Assessment",MP-E-GEN002,Product Eng,,True,CKO,Gate 0
GPM_GR-25-PKO-148,Gate Checklist-更新版,64,Product Design and Development - AE,GPM_GR-25,ESO 3 - Release of R3 DWG (Mass Production),Product Design and Development,PKO,X,required,"For all gates, create a hashtag link to the corresponding ESO Assessment",MP-E-GEN002,Product Eng,,True,PKO,PKO
GPM_GR-25-Gate1-149,Gate Checklist-更新版,64,Product Design and Development - AE,GPM_GR-25,ESO 3 - Release of R3 DWG (Mass Production),Product Design and Development,Gate 1,X,required,"For all gates, create a hashtag link to the corresponding ESO Assessment",MP-E-GEN002,Product Eng,,True,Gate1,Gate 1
GPM_GR-25-Gate2-150,Gate Checklist-更新版,64,Product Design and Development - AE,GPM_GR-25,ESO 3 - Release of R3 DWG (Mass Production),Product Design and Development,Gate 2,X,required,Verify the status of R3 drawings that are necessary to kick off suppliers and internal processes – highlight and track any deviation and ESO 3 rating and plan if required.,MP-E-GEN002,Product Eng,,True,Gate2,Gate 2
GPM_GR-25-Gate3-151,Gate Checklist-更新版,64,Product Design and Development - AE,GPM_GR-25,ESO 3 - Release of R3 DWG (Mass Production),Product Design and Development,Gate 3,X,required,"Verify that R3 DWG are available for all OTS components, verify ESO 3 execution and rating – Discuss and evaluate any deviation",MP-E-GEN002,Product Eng,,True,Gate3,Gate 3
GPM_GR-25-Gate4-152,Gate Checklist-更新版,64,Product Design and Development - AE,GPM_GR-25,ESO 3 - Release of R3 DWG (Mass Production),Product Design and Development,Gate 4,X,required,Check with ENG if there are any pending from ESO3,MP-E-GEN002,Product Eng,,True,Gate4,Gate 4
GPM_GR-25-Gate5-153,Gate Checklist-更新版,64,Product Design and Development - AE,GPM_GR-25,ESO 3 - Release of R3 DWG (Mass Production),Product Design and Development,Gate 5,X,required,"For all gates, create a hashtag link to the corresponding ESO Assessment",MP-E-GEN002,Product Eng,,True,Gate5,Gate 5
GPM_GR-25-Gate6-154,Gate Checklist-更新版,64,Product Design and Development - AE,GPM_GR-25,ESO 3 - Release of R3 DWG (Mass Production),Product Design and Development,Gate 6,X,required,"For all gates, create a hashtag link to the corresponding ESO Assessment",MP-E-GEN002,Product Eng,,True,Gate6,Gate 6
GPM_GR-26-Gate0-155,Gate Checklist-更新版,65,Product Design and Development - AE,GPM_GR-26,ESO 4 - Engineering Sign Off for PPAP submission,Product Design and Development,Gate 0,X,required,"For all gates, create a hashtag link to the corresponding ESO Assessment",MP-E-GEN002,Product Eng,,True,CKO,Gate 0
GPM_GR-26-PKO-157,Gate Checklist-更新版,65,Product Design and Development - AE,GPM_GR-26,ESO 4 - Engineering Sign Off for PPAP submission,Product Design and Development,PKO,X,required,"For all gates, create a hashtag link to the corresponding ESO Assessment",MP-E-GEN002,Product Eng,,True,PKO,PKO
GPM_GR-26-Gate1-158,Gate Checklist-更新版,65,Product Design and Development - AE,GPM_GR-26,ESO 4 - Engineering Sign Off for PPAP submission,Product Design and Development,Gate 1,X,required,"For all gates, create a hashtag link to the corresponding ESO Assessment",MP-E-GEN002,Product Eng,,True,Gate1,Gate 1
GPM_GR-26-Gate2-159,Gate Checklist-更新版,65,Product Design and Development - AE,GPM_GR-26,ESO 4 - Engineering Sign Off for PPAP submission,Product Design and Development,Gate 2,X,required,Check with ENG if they are expecting issue to release ESO4 in time for PPAP submission due date,MP-E-GEN002,Product Eng,,True,Gate2,Gate 2
GPM_GR-26-Gate3-160,Gate Checklist-更新版,65,Product Design and Development - AE,GPM_GR-26,ESO 4 - Engineering Sign Off for PPAP submission,Product Design and Development,Gate 3,X,required,"For all gates, create a hashtag link to the corresponding ESO Assessment",MP-E-GEN002,Product Eng,,True,Gate3,Gate 3
GPM_GR-26-Gate4-161,Gate Checklist-更新版,65,Product Design and Development - AE,GPM_GR-26,ESO 4 - Engineering Sign Off for PPAP submission,Product Design and Development,Gate 4,X,required,Verify execution and rating of the ESO4. It is mandatory to have an ESO4 done before Gate 4,MP-E-GEN002,Product Eng,,True,Gate4,Gate 4
GPM_GR-26-Gate5-162,Gate Checklist-更新版,65,Product Design and Development - AE,GPM_GR-26,ESO 4 - Engineering Sign Off for PPAP submission,Product Design and Development,Gate 5,X,required,"For all gates, create a hashtag link to the corresponding ESO Assessment",MP-E-GEN002,Product Eng,,True,Gate5,Gate 5
GPM_GR-26-Gate6-163,Gate Checklist-更新版,65,Product Design and Development - AE,GPM_GR-26,ESO 4 - Engineering Sign Off for PPAP submission,Product Design and Development,Gate 6,X,required,"For all gates, create a hashtag link to the corresponding ESO Assessment",MP-E-GEN002,Product Eng,,True,Gate6,Gate 6
GPM_GR-27-CKO-164,Gate Checklist-更新版,66,Product Design and Development - AE,GPM_GR-27,Check DV/PV Testing Status,Product Design and Development,CKO,X,required,"PKO Gate - Gate 4: Check with ENG the status of internal and customer testing, verify with Eng.Manager that the ESO rating (risk) is appropriate",MP-E-GEN 007,Product Eng,,False,CKO,CKO
GPM_GR-27-PKO-165,Gate Checklist-更新版,66,Product Design and Development - AE,GPM_GR-27,Check DV/PV Testing Status,Product Design and Development,PKO,X,required,"PKO Gate - Gate 4: Check with ENG the status of internal and customer testing, verify with Eng.Manager that the ESO rating (risk) is appropriate",MP-E-GEN 007,Product Eng,,False,PKO,PKO
GPM_GR-27-Gate1-166,Gate Checklist-更新版,66,Product Design and Development - AE,GPM_GR-27,Check DV/PV Testing Status,Product Design and Development,Gate 1,X,required,"PKO Gate - Gate 4: Check with ENG the status of internal and customer testing, verify with Eng.Manager that the ESO rating (risk) is appropriate",MP-E-GEN 007,Product Eng,,False,Gate1,Gate 1
GPM_GR-27-Gate2-167,Gate Checklist-更新版,66,Product Design and Development - AE,GPM_GR-27,Check DV/PV Testing Status,Product Design and Development,Gate 2,X,required,"PKO Gate - Gate 4: Check with ENG the status of internal and customer testing, verify with Eng.Manager that the ESO rating (risk) is appropriate",MP-E-GEN 007,Product Eng,,False,Gate2,Gate 2
GPM_GR-27-Gate3-168,Gate Checklist-更新版,66,Product Design and Development - AE,GPM_GR-27,Check DV/PV Testing Status,Product Design and Development,Gate 3,X,required,"PKO Gate - Gate 4: Check with ENG the status of internal and customer testing, verify with Eng.Manager that the ESO rating (risk) is appropriate",MP-E-GEN 007,Product Eng,,False,Gate3,Gate 3
GPM_GR-27-Gate4-169,Gate Checklist-更新版,66,Product Design and Development - AE,GPM_GR-27,Check DV/PV Testing Status,Product Design and Development,Gate 4,X,required,"PKO Gate - Gate 4: Check with ENG the status of internal and customer testing, verify with Eng.Manager that the ESO rating (risk) is appropriate",MP-E-GEN 007,Product Eng,,False,Gate4,Gate 4
GPM_GR-27-Gate5-170,Gate Checklist-更新版,66,Product Design and Development - AE,GPM_GR-27,Check DV/PV Testing Status,Product Design and Development,Gate 5,X,required,"Check with ENG the status of internal and customer testing, verify with Eng.Manager any update on the last ESO4",MP-E-GEN 007,Product Eng,,False,Gate5,Gate 5
GPM_GR-28-CKO-171,Gate Checklist-更新版,67,Product Design and Development - AE,GPM_GR-28,Review Pending Design Changes,Product Design and Development,CKO,X,required,"PKO Gate & Gate 1: Check with ENG any pending design changes that could effect the configuration and the assumptions that will be used for the AR
Gate 2: Check with ENG if there are pending design changes that could impact costs, program timing",,Product Eng,,False,CKO,CKO
GPM_GR-28-PKO-172,Gate Checklist-更新版,67,Product Design and Development - AE,GPM_GR-28,Review Pending Design Changes,Product Design and Development,PKO,X,required,Check with ENG any pending design changes that could effect the configuration and the assumptions that will be used for the AR,,Product Eng,,False,PKO,PKO
GPM_GR-28-Gate1-173,Gate Checklist-更新版,67,Product Design and Development - AE,GPM_GR-28,Review Pending Design Changes,Product Design and Development,Gate 1,X,required,Check with ENG any pending design changes that could effect the configuration and the assumptions that will be used for the AR,,Product Eng,,False,Gate1,Gate 1
GPM_GR-28-Gate2-174,Gate Checklist-更新版,67,Product Design and Development - AE,GPM_GR-28,Review Pending Design Changes,Product Design and Development,Gate 2,X,required,"Check with ENG if there are pending design changes that could impact costs, program timing",,Product Eng,,False,Gate2,Gate 2
GPM_GR-121-Gate2-175,Gate Checklist-更新版,68,Product Design and Development - AE,GPM_GR-121,Review if there is a warranty risk,Product Design and Development,Gate 2,X,required,"Based on Process Triggers, ref MP-PM-009",MP-PM-009,Product Eng,,False,Gate2,Gate 2
GPM_GR-121-Gate3-176,Gate Checklist-更新版,68,Product Design and Development - AE,GPM_GR-121,Review if there is a warranty risk,Product Design and Development,Gate 3,X,required,"Based on Process Triggers, ref MP-PM-009",MP-PM-009,Product Eng,,False,Gate3,Gate 3
GPM_GR-121-Gate4-177,Gate Checklist-更新版,68,Product Design and Development - AE,GPM_GR-121,Review if there is a warranty risk,Product Design and Development,Gate 4,X,required,"Based on Process Triggers, ref MP-PM-009",MP-PM-009,Product Eng,,False,Gate4,Gate 4
GPM_GR-121-Gate5-178,Gate Checklist-更新版,68,Product Design and Development - AE,GPM_GR-121,Review if there is a warranty risk,Product Design and Development,Gate 5,X,required,"Based on Process Triggers, ref MP-PM-009",MP-PM-009,Product Eng,,False,Gate5,Gate 5
GPM_GR-121-Gate6-179,Gate Checklist-更新版,68,Product Design and Development - AE,GPM_GR-121,Review if there is a warranty risk,Product Design and Development,Gate 6,X,required,"Based on Process Triggers, ref MP-PM-009",MP-PM-009,Product Eng,,False,Gate6,Gate 6
GPM_GR-124-Gate3-180,Gate Checklist-更新版,69,Product Design and Development - AE,GPM_GR-124,Review if there are Late Design Changes in the program,Product Design and Development,Gate 3,X,required,"Review with Product Engineering if there are late design changes in the program.
A late design is any change on R3 drawing revision that happens after the equipment / supplier kick-off.
If there is a late design with an implementation plan in place, rate yellow. If there is a late design with no implementation plan in place, rate red.
In the ""Explanation"" field, start with the following sources of changes: Customer, BorgWarner, Supplier; then add the details.",,Product Eng,,False,Gate3,Gate 3
GPM_GR-124-Gate4-181,Gate Checklist-更新版,69,Product Design and Development - AE,GPM_GR-124,Review if there are Late Design Changes in the program,Product Design and Development,Gate 4,X,required,"Review with Product Engineering if there are late design changes in the program.
A late design is any change on R3 drawing revision that happens after the equipment / supplier kick-off.
If there is a late design with an implementation plan in place, rate yellow. If there is a late design with no implementation plan in place, rate red.
In the ""Explanation"" field, start with the following sources of changes: Customer, BorgWarner, Supplier; then add the details.",,Product Eng,,False,Gate4,Gate 4
GPM_GR-124-Gate5-182,Gate Checklist-更新版,69,Product Design and Development - AE,GPM_GR-124,Review if there are Late Design Changes in the program,Product Design and Development,Gate 5,X,required,"Review with Product Engineering if there are late design changes in the program.
A late design is any change on R3 drawing revision that happens after the equipment / supplier kick-off.
If there is a late design with an implementation plan in place, rate yellow. If there is a late design with no implementation plan in place, rate red.
In the ""Explanation"" field, start with the following sources of changes: Customer, BorgWarner, Supplier; then add the details.",,Product Eng,,False,Gate5,Gate 5
GPM_GR-124-Gate6-183,Gate Checklist-更新版,69,Product Design and Development - AE,GPM_GR-124,Review if there are Late Design Changes in the program,Product Design and Development,Gate 6,X,required,"Review with Product Engineering if there are late design changes in the program.
A late design is any change on R3 drawing revision that happens after the equipment / supplier kick-off.
If there is a late design with an implementation plan in place, rate yellow. If there is a late design with no implementation plan in place, rate red.
In the ""Explanation"" field, start with the following sources of changes: Customer, BorgWarner, Supplier; then add the details.",,Product Eng,,False,Gate6,Gate 6
GPM_GR-140-Gate2-184,Gate Checklist-更新版,70,Product Design and Development - AE,GPM_GR-140,Limit Samples,Product Design and Development,Gate 2,X,required,Definition of limit samples,,Product Eng,,False,Gate2,Gate 2
GPM_GR-140-Gate3-185,Gate Checklist-更新版,70,Product Design and Development - AE,GPM_GR-140,Limit Samples,Product Design and Development,Gate 3,X,required,Limit samples available,,Product Eng,,False,Gate3,Gate 3
GPM_GR-163-Gate0-186,Gate Checklist-更新版,71,Product Design and Development - AE,GPM_GR-163,Product Application Approval (PAA),Product Design and Development,Gate 0,X,required,"At each gate review with Product Engineering if there is any Open Technical Issues that could present Warranty Risk, if it the case, check the plan to close the open issues.",MP-E-GEN-029 - Customer Technical Requirements Management,Product Eng,,False,CKO,Gate 0
GPM_GR-163-PKO-188,Gate Checklist-更新版,71,Product Design and Development - AE,GPM_GR-163,Product Application Approval (PAA),Product Design and Development,PKO,X,required,"At each gate review with Product Engineering if there is any Open Technical Issues that could present Warranty Risk, if it the case, check the plan to close the open issues.",MP-E-GEN-029 - Customer Technical Requirements Management,Product Eng,,False,PKO,PKO
GPM_GR-163-Gate1-189,Gate Checklist-更新版,71,Product Design and Development - AE,GPM_GR-163,Product Application Approval (PAA),Product Design and Development,Gate 1,X,required,"At each gate review with Product Engineering if there is any Open Technical Issues that could present Warranty Risk, if it the case, check the plan to close the open issues.",MP-E-GEN-029 - Customer Technical Requirements Management,Product Eng,,False,Gate1,Gate 1
GPM_GR-163-Gate2-190,Gate Checklist-更新版,71,Product Design and Development - AE,GPM_GR-163,Product Application Approval (PAA),Product Design and Development,Gate 2,X,required,"At each gate review with Product Engineering if there is any Open Technical Issues that could present Warranty Risk, if it the case, check the plan to close the open issues.",MP-E-GEN-029 - Customer Technical Requirements Management,Product Eng,,False,Gate2,Gate 2
GPM_GR-163-Gate3-191,Gate Checklist-更新版,71,Product Design and Development - AE,GPM_GR-163,Product Application Approval (PAA),Product Design and Development,Gate 3,X,required,"At each gate review with Product Engineering if there is any Open Technical Issues that could present Warranty Risk, if it the case, check the plan to close the open issues.",MP-E-GEN-029 - Customer Technical Requirements Management,Product Eng,,False,Gate3,Gate 3
GPM_GR-163-Gate4-192,Gate Checklist-更新版,71,Product Design and Development - AE,GPM_GR-163,Product Application Approval (PAA),Product Design and Development,Gate 4,X,required,"At each gate review with Product Engineering if there is any Open Technical Issues that could present Warranty Risk, if it the case, check the plan to close the open issues.",MP-E-GEN-029 - Customer Technical Requirements Management,Product Eng,,False,Gate4,Gate 4
GPM_GR-163-Gate5-193,Gate Checklist-更新版,71,Product Design and Development - AE,GPM_GR-163,Product Application Approval (PAA),Product Design and Development,Gate 5,X,required,"At each gate review with Product Engineering if there is any Open Technical Issues that could present Warranty Risk, if it the case, check the plan to close the open issues.",MP-E-GEN-029 - Customer Technical Requirements Management,Product Eng,,False,Gate5,Gate 5
GPM_GR-163-Gate6-194,Gate Checklist-更新版,71,Product Design and Development - AE,GPM_GR-163,Product Application Approval (PAA),Product Design and Development,Gate 6,X,required,"At each gate review with Product Engineering if there is any Open Technical Issues that could present Warranty Risk, if it the case, check the plan to close the open issues.",MP-E-GEN-029 - Customer Technical Requirements Management,Product Eng,,False,Gate6,Gate 6
GPM_GR-100-CKO-195,Gate Checklist-更新版,73,Production and Logistic-Liu Yuewen,GPM_GR-100,Customer Packaging specification,Production and Logistic,CKO,X,required,"Responsible function changes by plant, identify the specific owner in Champion column",,"Mfg Engineering,Logistic",,False,CKO,CKO
GPM_GR-100-PKO-196,Gate Checklist-更新版,73,Production and Logistic-Liu Yuewen,GPM_GR-100,Customer Packaging specification,Production and Logistic,PKO,X,required,"Responsible function changes by plant, identify the specific owner in Champion column",,"Mfg Engineering,Logistic",,False,PKO,PKO
GPM_GR-100-Gate1-197,Gate Checklist-更新版,73,Production and Logistic-Liu Yuewen,GPM_GR-100,Customer Packaging specification,Production and Logistic,Gate 1,X,required,Verify if customer packaging specifications are clear and have been considered for lead time and cost assumptions Gate 2: Verify if customer packaging specifications are clear and the procurement is planned on time for the program.,,"Mfg Engineering,Logistic",,False,Gate1,Gate 1
GPM_GR-100-Gate2-198,Gate Checklist-更新版,73,Production and Logistic-Liu Yuewen,GPM_GR-100,Customer Packaging specification,Production and Logistic,Gate 2,X,required,"Responsible function changes by plant, identify the specific owner in Champion column",,"Mfg Engineering,Logistic",,False,Gate2,Gate 2
GPM_GR-101-PKO-199,Gate Checklist-更新版,74,Production and Logistic-Liu Yuewen,GPM_GR-101,Internal / Supplier packaging specification,Production and Logistic,PKO,X,required,"Responsible function changes by plant, identify the specific owner in Champion column",GSM-F012,"Mfg Engineering,Logistic",,False,PKO,PKO
GPM_GR-101-Gate1-200,Gate Checklist-更新版,74,Production and Logistic-Liu Yuewen,GPM_GR-101,Internal / Supplier packaging specification,Production and Logistic,Gate 1,X,required,Verify if internal packaging specifications are clear and have been considered for lead time and cost assumptions Gate 2: Verify that internal and supplier packaging are identified and planned on time for the program,GSM-F012,"Mfg Engineering,Logistic",,False,Gate1,Gate 1
GPM_GR-101-Gate2-201,Gate Checklist-更新版,74,Production and Logistic-Liu Yuewen,GPM_GR-101,Internal / Supplier packaging specification,Production and Logistic,Gate 2,X,required,"Responsible function changes by plant, identify the specific owner in Champion column",GSM-F012,"Mfg Engineering,Logistic",,False,Gate2,Gate 2
GPM_GR-102-Gate4-202,Gate Checklist-更新版,75,Production and Logistic-Liu Yuewen,GPM_GR-102,Manning Plan and Training,Production and Logistic,Gate 4,X,required,"Verify that the manning plan (if additional workers are required) is consistent with PPAP, SOP and ramp up plan, verify that operator training on new processes are adequately planned",,Production,,False,Gate4,Gate 4
GPM_GR-102-Gate5-203,Gate Checklist-更新版,75,Production and Logistic-Liu Yuewen,GPM_GR-102,Manning Plan and Training,Production and Logistic,Gate 5,X,required,"Verify that the manning plan (if additional workers are required) is consistent with PPAP, SOP and ramp up plan, verify that operator training on new processes are adequately planned",,Production,,False,Gate5,Gate 5
GPM_GR-103-Gate5-204,Gate Checklist-更新版,76,Production and Logistic-Liu Yuewen,GPM_GR-103,Customer Releases / Schedules Received,Production and Logistic,Gate 5,X,required,Verify with Logistics / Materials that customer schedules have been received and input into the ERP system,Schedules,Logistic,,False,Gate5,Gate 5
GPM_GR-104-Gate5-205,Gate Checklist-更新版,77,Production and Logistic-Liu Yuewen,GPM_GR-104,Customer EDI connection ready (where required),Production and Logistic,Gate 5,X,required,Verify the activity is completed,,Logistic,,False,Gate5,Gate 5
GPM_GR-105-Gate4-206,Gate Checklist-更新版,78,Production and Logistic-Liu Yuewen,GPM_GR-105,Mass production packaging approved and available,Production and Logistic,Gate 4,X,required,"Verify that mass production packaging has been planned and will be available for the PPAP & SOP (also include Labeling requirement in the verification)
Responsible function changes by plant, identify the specific owner in Champion column",,"Mfg Engineering,Logistic",,False,Gate4,Gate 4
GPM_GR-105-Gate5-207,Gate Checklist-更新版,78,Production and Logistic-Liu Yuewen,GPM_GR-105,Mass production packaging approved and available,Production and Logistic,Gate 5,X,required,"Verify that mass production packaging has been planned and will be available for the PPAP & SOP (also include Labeling requirement in the verification)
Responsible function changes by plant, identify the specific owner in Champion column",,"Mfg Engineering,Logistic",,False,Gate5,Gate 5
GPM_GR-106-Gate4-208,Gate Checklist-更新版,79,Production and Logistic-Liu Yuewen,GPM_GR-106,"ERP data base completed, BOM created",Production and Logistic,Gate 4,X,required,"Verify the activity is completed (BOM, Cycle Times and other ERP parameters). Engage all plant SAP key users.",,"PM,Logistic",,False,Gate4,Gate 4
GPM_GR-106-Gate5-209,Gate Checklist-更新版,79,Production and Logistic-Liu Yuewen,GPM_GR-106,"ERP data base completed, BOM created",Production and Logistic,Gate 5,X,required,"Verify the activity is completed (BOM, Cycle Times and other ERP parameters). Engage all plant SAP key users.",,"PM,Logistic",,False,Gate5,Gate 5
GPM_GR-107-Gate5-210,Gate Checklist-更新版,80,Production and Logistic-Liu Yuewen,GPM_GR-107,Schedules to Suppliers released,Production and Logistic,Gate 5,X,required,Verify with Logistic / Material that supplier schedules have been released. Ramp up plan defined for each new component according to BW requirements,,Logistic,,False,Gate5,Gate 5
GPM_GR-108-Gate5-211,Gate Checklist-更新版,81,Production and Logistic-Liu Yuewen,GPM_GR-108,Change Management CI Final (In production) Approval,Production and Logistic,Gate 5,X,required,"When the Change is put into production, the management designee responsible to acknowledge when the part is in production, approves the final task in Teamcenter software, and the CI is closed. Responsible function changes by plant, identify the specific owner in Champion column","MP-Q-001 process, paragraph 16.8","Logistic,Production",,False,Gate5,Gate 5
GPM_GR-109-Gate6-212,Gate Checklist-更新版,82,Production and Logistic-Liu Yuewen,GPM_GR-109,Customer Satisfaction: Delivery Performance,Production and Logistic,Gate 6,X,required,Check and track how many parts delivered from SOP and Delivery Performance,Delivery Metrics,Logistic,,False,Gate6,Gate 6
GPM_GR-111-Gate6-213,Gate Checklist-更新版,83,Production and Logistic-Liu Yuewen,GPM_GR-111,Supplier's Delivery performance,Production and Logistic,Gate 6,X,required,Check and track supplier’s delivery performance,SPS,Logistic,,False,Gate6,Gate 6
GPM_GR-141-Gate4-214,Gate Checklist-更新版,84,Production and Logistic-Liu Yuewen,GPM_GR-141,"Production Plan updated reflecting PPAP, Ramp Up, and SOP orders",Production and Logistic,Gate 4,X,required,Production orders are set up in SAP or Production order system,,"PM,Logistic",,False,Gate4,Gate 4
GPM_GR-141-Gate5-215,Gate Checklist-更新版,84,Production and Logistic-Liu Yuewen,GPM_GR-141,"Production Plan updated reflecting PPAP, Ramp Up, and SOP orders",Production and Logistic,Gate 5,X,required,Production orders are set up in SAP or Production order system,,"PM,Logistic",,False,Gate5,Gate 5
GPM_GR-142-Gate5-216,Gate Checklist-更新版,85,Production and Logistic-Liu Yuewen,GPM_GR-142,Preventive Maintenance Scheduled,Production and Logistic,Gate 5,X,required,Schedule in the proper system the execution of the Preventive Maintenance plans,,Maintenance,,False,Gate5,Gate 5
GPM_GR-53-Gate4-217,Gate Checklist-更新版,87,Quality Plan-Amanda Gu,GPM_GR-53,Updated Material Database (IMDS),Quality Plan,Gate 4,X,required,Verify activity is completed,IMDS Record,Plant Quality,,False,Gate4,Gate 4
GPM_GR-81-PKO-218,Gate Checklist-更新版,88,Quality Plan-Amanda Gu,GPM_GR-81,Preliminary Control Plan,Quality Plan,PKO,X,required,Check if a preliminary CP has been developed or an existing product one can be considered as a reference,Control Plan,Plant Quality,,False,PKO,PKO
GPM_GR-81-Gate1-219,Gate Checklist-更新版,88,Quality Plan-Amanda Gu,GPM_GR-81,Preliminary Control Plan,Quality Plan,Gate 1,X,required,Check if a preliminary CP has been developed or an existing product one can be considered as a reference,Control Plan,Plant Quality,,False,Gate1,Gate 1
GPM_GR-82-PKO-220,Gate Checklist-更新版,89,Quality Plan-Amanda Gu,GPM_GR-82,Gauge & Measurement System Cost Estimate,Quality Plan,PKO,X,required,Check and verify if the Gauges and MSA requirements have been considered in the costs and in the timing plan (new gauges required?),AR & timing plan,Plant Quality,,False,PKO,PKO
GPM_GR-82-Gate1-221,Gate Checklist-更新版,89,Quality Plan-Amanda Gu,GPM_GR-82,Gauge & Measurement System Cost Estimate,Quality Plan,Gate 1,X,required,Check and verify if the Gauges and MSA requirements have been considered in the costs and in the timing plan (new gauges required?),AR & timing plan,Plant Quality,,False,Gate1,Gate 1
GPM_GR-83-Gate2-222,Gate Checklist-更新版,90,Quality Plan-Amanda Gu,GPM_GR-83,Order Gauges & Measurement Systems,Quality Plan,Gate 2,X,required,Verify that all new gauges required (at production and incoming) for the program are ordered or planned in time.,Purchase orders,Plant Quality,,False,Gate2,Gate 2
GPM_GR-84-Gate2-223,Gate Checklist-更新版,91,Quality Plan-Amanda Gu,GPM_GR-84,Control Plans Complete,Quality Plan,Gate 2,X,required,Verify that Control Plans are available (or planned in time) for all new process.,Control plans,Plant Quality,,False,Gate2,Gate 2
GPM_GR-84-Gate3-224,Gate Checklist-更新版,91,Quality Plan-Amanda Gu,GPM_GR-84,Control Plans Complete,Quality Plan,Gate 3,X,required,Verify that control plan for all OTS component have been developed on time and that Production Control Plan parts are also available or planned in time for PPAP.,Control plans,Plant Quality,,False,Gate3,Gate 3
GPM_GR-85-Gate2-225,Gate Checklist-更新版,92,Quality Plan-Amanda Gu,GPM_GR-85,Critical Parameters Scorecard (CPS),Quality Plan,Gate 2,X,required,Check with Quality that this activity is executed or planned in time,MP-E-GEN-020,Plant Quality,,False,Gate2,Gate 2
GPM_GR-85-Gate3-226,Gate Checklist-更新版,92,Quality Plan-Amanda Gu,GPM_GR-85,Critical Parameters Scorecard (CPS),Quality Plan,Gate 3,X,required,Verify activity is completed,MP-E-GEN-020,Plant Quality,,False,Gate3,Gate 3
GPM_GR-85-Gate4-227,Gate Checklist-更新版,92,Quality Plan-Amanda Gu,GPM_GR-85,Critical Parameters Scorecard (CPS),Quality Plan,Gate 4,X,required,Verify activity is completed,MP-E-GEN-020,Plant Quality,,False,Gate4,Gate 4
GPM_GR-86-Gate3-228,Gate Checklist-更新版,93,Quality Plan-Amanda Gu,GPM_GR-86,Review Quality of OTS Parts,Quality Plan,Gate 3,X,required,Verify that all inspections on OTS components have been completed as planned and all parts are meeting specification – Any deviation must have appropriate approval,Inspection reports / Approved deviations,Plant Quality,,False,Gate3,Gate 3
GPM_GR-87-Gate3-229,Gate Checklist-更新版,94,Quality Plan-Amanda Gu,GPM_GR-87,Approve Supplier's OTS parts,Quality Plan,Gate 3,X,required,Verify that all inspections on OTS purchased parts have been completed as planned and all parts are meeting specification – Any deviation must have appropriate approval,Inspection reports / Approved deviations,Plant Quality,,False,Gate3,Gate 3
GPM_GR-88-Gate3-230,Gate Checklist-更新版,95,Quality Plan-Amanda Gu,GPM_GR-88,Incoming Inspection Control Plans,Quality Plan,Gate 3,X,required,Verify that Control Plan for all OTS components have been developed on time.,Control Plan,Plant Quality,,False,Gate3,Gate 3
GPM_GR-88-Gate4-231,Gate Checklist-更新版,95,Quality Plan-Amanda Gu,GPM_GR-88,Incoming Inspection Control Plans,Quality Plan,Gate 4,X,required,Verify that Production Control Plan for parts is also available or planned in time for PPAP.,Control Plan,Plant Quality,,False,Gate4,Gate 4
GPM_GR-89-Gate2-232,Gate Checklist-更新版,96,Quality Plan-Amanda Gu,GPM_GR-89,Measurement Systems Analysis (MSA),Quality Plan,Gate 2,X,required,Develop an MSA plan per equipment with responsibilities and dates,MSA plan & results,Plant Quality,,False,Gate2,Gate 2
GPM_GR-89-Gate3-233,Gate Checklist-更新版,96,Quality Plan-Amanda Gu,GPM_GR-89,Measurement Systems Analysis (MSA),Quality Plan,Gate 3,X,required,Verify that all activities related to MSA have been competed. With particular focus on what is concerning the OTS build,MSA plan & results,Plant Quality,,False,Gate3,Gate 3
GPM_GR-89-Gate4-234,Gate Checklist-更新版,96,Quality Plan-Amanda Gu,GPM_GR-89,Measurement Systems Analysis (MSA),Quality Plan,Gate 4,X,required,Verify that all activities related to MSA have been competed.,MSA plan & results,Plant Quality,,False,Gate4,Gate 4
GPM_GR-90-Gate3-235,Gate Checklist-更新版,97,Quality Plan-Amanda Gu,GPM_GR-90,"Correlation Studies, Calibrations Complete, with Schedules",Quality Plan,Gate 3,X,required,Verify that all activities related to MSA have been competed. With particular focus on what is concerning the OTS build,MSA results,Plant Quality,,False,Gate3,Gate 3
GPM_GR-90-Gate4-236,Gate Checklist-更新版,97,Quality Plan-Amanda Gu,GPM_GR-90,"Correlation Studies, Calibrations Complete, with Schedules",Quality Plan,Gate 4,X,required,Verify that all activities related to MSA have been competed. With particular focus on what is concerning the PPAP build,MSA results,Plant Quality,,False,Gate4,Gate 4
GPM_GR-91-Gate4-237,Gate Checklist-更新版,98,Quality Plan-Amanda Gu,GPM_GR-91,Review PPAP Information,Quality Plan,Gate 4,X,required,Verify all Customer PPAP documentation has been prepared and available,PPAP Package,Plant Quality,,False,Gate4,Gate 4
GPM_GR-92-Gate4-238,Gate Checklist-更新版,99,Quality Plan-Amanda Gu,GPM_GR-92,Approve Supplier's PPAP parts,Quality Plan,Gate 4,X,required,Confirm all suppliers submitted PPAP have been approved – track any discrepancy in the Launch Excellence Metric sheet,PPAP Package,Plant Quality,,False,Gate4,Gate 4
GPM_GR-93-Gate4-239,Gate Checklist-更新版,100,Quality Plan-Amanda Gu,GPM_GR-93,Change Management Approval for required equipment moves,Quality Plan,Gate 4,X,required,Verify the process has been followed where applicable,Change Request (CR),Plant Quality,,False,Gate4,Gate 4
GPM_GR-94-Gate4-240,Gate Checklist-更新版,101,Quality Plan-Amanda Gu,GPM_GR-94,Change Management CI PPAP Approval,Quality Plan,Gate 4,X,required,Verify the process has been followed where applicable,Change Implementation (CI),Plant Quality,,False,Gate4,Gate 4
GPM_GR-95-Gate4-241,Gate Checklist-更新版,102,Quality Plan-Amanda Gu,GPM_GR-95,Control Plans w/ Product Sign-off,Quality Plan,Gate 4,X,required,Verify that Control Plan have been applied and signed off at each process stage,Control Plan,Plant Quality,,False,Gate4,Gate 4
GPM_GR-96-Gate4-242,Gate Checklist-更新版,103,Quality Plan-Amanda Gu,GPM_GR-96,Complete applicable CQI Audits,Quality Plan,Gate 4,X,required,Verify that all applicable CQI Audits have been performed and corrective actions have been defined and implemented (or there is a plan to implement before PPAP),CQI Audit Results,Plant Quality,,False,Gate4,Gate 4
GPM_GR-97-Gate4-243,Gate Checklist-更新版,104,Quality Plan-Amanda Gu,GPM_GR-97,Check Special Characteristic Capability,Quality Plan,Gate 4,X,required,Verify that all Capability checks have been performed with positive results – track any discrepancy and report,Capability results,Plant Quality,,False,Gate4,Gate 4
GPM_GR-98-Gate4-244,Gate Checklist-更新版,105,Quality Plan-Amanda Gu,GPM_GR-98,SPC Charts / Software Systems Updated,Quality Plan,Gate 4,X,required,"Initial SPC control limits  established from first time run at rate (Machine builder, BW internal)",SPC framework / charts,Plant Quality,,False,Gate4,Gate 4
GPM_GR-98-Gate5-245,Gate Checklist-更新版,105,Quality Plan-Amanda Gu,GPM_GR-98,SPC Charts / Software Systems Updated,Quality Plan,Gate 5,X,required,Verify that SPC framework is completed for any new process where SPC is planned,SPC framework / charts,Plant Quality,,False,Gate5,Gate 5
GPM_GR-99-Gate3-246,Gate Checklist-更新版,106,Quality Plan-Amanda Gu,GPM_GR-99,Early Production Containment Plan,Quality Plan,Gate 3,X,required,"Verify that, where applicable, an EPC plan is established",EPC Plan / Gate Charts,Plant Quality,,False,Gate3,Gate 3
GPM_GR-99-Gate4-247,Gate Checklist-更新版,106,Quality Plan-Amanda Gu,GPM_GR-99,Early Production Containment Plan,Quality Plan,Gate 4,X,required,"Verify that, where applicable, an EPC plan is established",EPC Plan / Gate Charts,Plant Quality,,False,Gate4,Gate 4
GPM_GR-99-Gate5-248,Gate Checklist-更新版,106,Quality Plan-Amanda Gu,GPM_GR-99,Early Production Containment Plan,Quality Plan,Gate 5,X,required,"Verify that, where applicable, an EPC plan is established",EPC Plan / Gate Charts,Plant Quality,,False,Gate5,Gate 5
GPM_GR-143-PKO-249,Gate Checklist-更新版,107,Quality Plan-Amanda Gu,GPM_GR-143,Prototype Control Plan,Quality Plan,PKO,X,required,Verify that prototype control plan is available when needed,Control Plan,Proto Dept,,False,PKO,PKO
GPM_GR-143-Gate1-250,Gate Checklist-更新版,107,Quality Plan-Amanda Gu,GPM_GR-143,Prototype Control Plan,Quality Plan,Gate 1,X,required,Verify that prototype control plan is available when needed,Control Plan,Proto Dept,,False,Gate1,Gate 1
GPM_GR-143-Gate2-251,Gate Checklist-更新版,107,Quality Plan-Amanda Gu,GPM_GR-143,Prototype Control Plan,Quality Plan,Gate 2,X,required,Verify that prototype control plan is available when needed,Control Plan,Proto Dept,,False,Gate2,Gate 2
GPM_GR-144-CKO-252,Gate Checklist-更新版,108,Quality Plan-Amanda Gu,GPM_GR-144,Customer requirements,Quality Plan,CKO,X,required,"Verify customer requirements cascaded through the internal and supplier quality plans, including:
- IATF Customer Specific Requirements (CSR)
- Customer Quality System Requirements (e.g. Audit, Run at Rate, Tiered Supplier Quality, Incoming Inspection, On-site support, Prototype Builds)
- Governmental / customer regulations for product / functional safety
- Contamination level in the production environment (e.g. clean room requirements)
AQM to lead when assigned to a program; Plant Quality for other cases","Drawings, DFMEA, DVP&R, Process Flow, PFMEA, Control Plan, Pre-Launch Control Plan, Work Instructions, Quality system updates","Plant Quality,AQM",,False,CKO,CKO
GPM_GR-144-PKO-253,Gate Checklist-更新版,108,Quality Plan-Amanda Gu,GPM_GR-144,Customer requirements,Quality Plan,PKO,X,required,"Verify customer requirements cascaded through the internal and supplier quality plans, including:
- IATF Customer Specific Requirements (CSR)
- Customer Quality System Requirements (e.g. Audit, Run at Rate, Tiered Supplier Quality, Incoming Inspection, On-site support, Prototype Builds)
- Governmental / customer regulations for product / functional safety
- Contamination level in the production environment (e.g. clean room requirements)
AQM to lead when assigned to a program; Plant Quality for other cases","Drawings, DFMEA, DVP&R, Process Flow, PFMEA, Control Plan, Pre-Launch Control Plan, Work Instructions, Quality system updates","Plant Quality,AQM",,False,PKO,PKO
GPM_GR-144-Gate1-254,Gate Checklist-更新版,108,Quality Plan-Amanda Gu,GPM_GR-144,Customer requirements,Quality Plan,Gate 1,X,required,"Verify customer requirements cascaded through the internal and supplier quality plans, including:
- IATF Customer Specific Requirements (CSR)
- Customer Quality System Requirements (e.g. Audit, Run at Rate, Tiered Supplier Quality, Incoming Inspection, On-site support, Prototype Builds)
- Governmental / customer regulations for product / functional safety
- Contamination level in the production environment (e.g. clean room requirements)
AQM to lead when assigned to a program; Plant Quality for other cases","Drawings, DFMEA, DVP&R, Process Flow, PFMEA, Control Plan, Pre-Launch Control Plan, Work Instructions, Quality system updates","Plant Quality,AQM",,False,Gate1,Gate 1
GPM_GR-144-Gate2-255,Gate Checklist-更新版,108,Quality Plan-Amanda Gu,GPM_GR-144,Customer requirements,Quality Plan,Gate 2,X,required,"Verify customer requirements cascaded through the internal and supplier quality plans, including:
- IATF Customer Specific Requirements (CSR)
- Customer Quality System Requirements (e.g. Audit, Run at Rate, Tiered Supplier Quality, Incoming Inspection, On-site support, Prototype Builds)
- Governmental / customer regulations for product / functional safety
- Contamination level in the production environment (e.g. clean room requirements)
AQM to lead when assigned to a program; Plant Quality for other cases","Drawings, DFMEA, DVP&R, Process Flow, PFMEA, Control Plan, Pre-Launch Control Plan, Work Instructions, Quality system updates","Plant Quality,AQM",,False,Gate2,Gate 2
GPM_GR-144-Gate3-256,Gate Checklist-更新版,108,Quality Plan-Amanda Gu,GPM_GR-144,Customer requirements,Quality Plan,Gate 3,X,required,"Verify customer requirements cascaded through the internal and supplier quality plans, including:
- IATF Customer Specific Requirements (CSR)
- Customer Quality System Requirements (e.g. Audit, Run at Rate, Tiered Supplier Quality, Incoming Inspection, On-site support, Prototype Builds)
- Governmental / customer regulations for product / functional safety
- Contamination level in the production environment (e.g. clean room requirements)
AQM to lead when assigned to a program; Plant Quality for other cases","Drawings, DFMEA, DVP&R, Process Flow, PFMEA, Control Plan, Pre-Launch Control Plan, Work Instructions, Quality system updates","Plant Quality,AQM",,False,Gate3,Gate 3
GPM_GR-144-Gate4-257,Gate Checklist-更新版,108,Quality Plan-Amanda Gu,GPM_GR-144,Customer requirements,Quality Plan,Gate 4,X,required,"Verify customer requirements cascaded through the internal and supplier quality plans, including:
- IATF Customer Specific Requirements (CSR)
- Customer Quality System Requirements (e.g. Audit, Run at Rate, Tiered Supplier Quality, Incoming Inspection, On-site support, Prototype Builds)
- Governmental / customer regulations for product / functional safety
- Contamination level in the production environment (e.g. clean room requirements)
AQM to lead when assigned to a program; Plant Quality for other cases","Drawings, DFMEA, DVP&R, Process Flow, PFMEA, Control Plan, Pre-Launch Control Plan, Work Instructions, Quality system updates","Plant Quality,AQM",,False,Gate4,Gate 4
GPM_GR-144-Gate5-258,Gate Checklist-更新版,108,Quality Plan-Amanda Gu,GPM_GR-144,Customer requirements,Quality Plan,Gate 5,X,required,"Verify customer requirements cascaded through the internal and supplier quality plans, including:
- IATF Customer Specific Requirements (CSR)
- Customer Quality System Requirements (e.g. Audit, Run at Rate, Tiered Supplier Quality, Incoming Inspection, On-site support, Prototype Builds)
- Governmental / customer regulations for product / functional safety
- Contamination level in the production environment (e.g. clean room requirements)
AQM to lead when assigned to a program; Plant Quality for other cases","Drawings, DFMEA, DVP&R, Process Flow, PFMEA, Control Plan, Pre-Launch Control Plan, Work Instructions, Quality system updates","Plant Quality,AQM",,False,Gate5,Gate 5
GPM_GR-145-Gate4-259,Gate Checklist-更新版,109,Quality Plan-Amanda Gu,GPM_GR-145,Traceability,Quality Plan,Gate 4,X,required,Identify traceability requirements and run a traceability report to confirm implementation,Traceability report,Plant Quality,,False,Gate4,Gate 4
GPM_GR-146-Gate0-260,Gate Checklist-更新版,110,Quality Plan-Amanda Gu,GPM_GR-146,Warranty Risk Assessment and Mitigation (WRAM),Quality Plan,Gate 0,X,required,Verify the development and review of the WRAM through completion; required only for GN programs,WRAM,AQM,,False,CKO,Gate 0
GPM_GR-146-PKO-262,Gate Checklist-更新版,110,Quality Plan-Amanda Gu,GPM_GR-146,Warranty Risk Assessment and Mitigation (WRAM),Quality Plan,PKO,X,required,Verify the development and review of the WRAM through completion; required only for GN programs,WRAM,AQM,,False,PKO,PKO
GPM_GR-146-Gate1-263,Gate Checklist-更新版,110,Quality Plan-Amanda Gu,GPM_GR-146,Warranty Risk Assessment and Mitigation (WRAM),Quality Plan,Gate 1,X,required,Verify the development and review of the WRAM through completion; required only for GN programs,WRAM,AQM,,False,Gate1,Gate 1
GPM_GR-146-Gate2-264,Gate Checklist-更新版,110,Quality Plan-Amanda Gu,GPM_GR-146,Warranty Risk Assessment and Mitigation (WRAM),Quality Plan,Gate 2,X,required,Verify the development and review of the WRAM through completion; required only for GN programs,WRAM,AQM,,False,Gate2,Gate 2
GPM_GR-146-Gate3-265,Gate Checklist-更新版,110,Quality Plan-Amanda Gu,GPM_GR-146,Warranty Risk Assessment and Mitigation (WRAM),Quality Plan,Gate 3,X,required,Verify the development and review of the WRAM through completion; required only for GN programs,WRAM,AQM,,False,Gate3,Gate 3
GPM_GR-146-Gate4-266,Gate Checklist-更新版,110,Quality Plan-Amanda Gu,GPM_GR-146,Warranty Risk Assessment and Mitigation (WRAM),Quality Plan,Gate 4,X,required,Verify the development and review of the WRAM through completion; required only for GN programs,WRAM,AQM,,False,Gate4,Gate 4
GPM_GR-146-Gate5-267,Gate Checklist-更新版,110,Quality Plan-Amanda Gu,GPM_GR-146,Warranty Risk Assessment and Mitigation (WRAM),Quality Plan,Gate 5,X,required,Verify the development and review of the WRAM through completion; required only for GN programs,WRAM,AQM,,False,Gate5,Gate 5
GPM_GR-147-Gate2-268,Gate Checklist-更新版,111,Quality Plan-Amanda Gu,GPM_GR-147,Characteristic Verification matrix (CVM),Quality Plan,Gate 2,X,required,Verify the development and review of the CVM through completion; required only for GN programs,CVM,AQM,,False,Gate2,Gate 2
GPM_GR-147-Gate3-269,Gate Checklist-更新版,111,Quality Plan-Amanda Gu,GPM_GR-147,Characteristic Verification matrix (CVM),Quality Plan,Gate 3,X,required,Verify the development and review of the CVM through completion; required only for GN programs,CVM,AQM,,False,Gate3,Gate 3
GPM_GR-147-Gate4-270,Gate Checklist-更新版,111,Quality Plan-Amanda Gu,GPM_GR-147,Characteristic Verification matrix (CVM),Quality Plan,Gate 4,X,required,Verify the development and review of the CVM through completion; required only for GN programs,CVM,AQM,,False,Gate4,Gate 4
GPM_GR-147-Gate5-271,Gate Checklist-更新版,111,Quality Plan-Amanda Gu,GPM_GR-147,Characteristic Verification matrix (CVM),Quality Plan,Gate 5,X,required,Verify the development and review of the CVM through completion; required only for GN programs,CVM,AQM,,False,Gate5,Gate 5
GPM_GR-148-Gate2-272,Gate Checklist-更新版,112,Quality Plan-Amanda Gu,GPM_GR-148,Process approval acceptance criteria,Quality Plan,Gate 2,X,required,Prepare the plan to validate each process,Validation plan & results,Plant Quality,,False,Gate2,Gate 2
GPM_GR-148-Gate4-273,Gate Checklist-更新版,112,Quality Plan-Amanda Gu,GPM_GR-148,Process approval acceptance criteria,Quality Plan,Gate 4,X,required,Review validation plan status at PPAP,Validation plan & results,Plant Quality,,False,Gate4,Gate 4
GPM_GR-148-Gate5-274,Gate Checklist-更新版,112,Quality Plan-Amanda Gu,GPM_GR-148,Process approval acceptance criteria,Quality Plan,Gate 5,X,required,Complete validation plan at SOP,Validation plan & results,Plant Quality,,False,Gate5,Gate 5
GPM_GR-149-Gate2-275,Gate Checklist-更新版,113,Quality Plan-Amanda Gu,GPM_GR-149,Pass Through characteristics,Quality Plan,Gate 2,X,required,Identify pass through characteristics and ensure proper prevention and detection controls in the supply chain and in the Morse Manufacturing Process,GSM F024,Plant Quality,,False,Gate2,Gate 2
GPM_GR-149-Gate3-276,Gate Checklist-更新版,113,Quality Plan-Amanda Gu,GPM_GR-149,Pass Through characteristics,Quality Plan,Gate 3,X,required,Identify pass through characteristics and ensure proper prevention and detection controls in the supply chain and in the Morse Manufacturing Process,GSM F024,Plant Quality,,False,Gate3,Gate 3
GPM_GR-150-Gate4-277,Gate Checklist-更新版,114,Quality Plan-Amanda Gu,GPM_GR-150,We Are Ready Audit at BW,Quality Plan,Gate 4,X,required,Verify that WAR Audit has been appropriately scheduled and performed in BW processes with positive result – Record discrepancies,GSM F004,Plant Quality,,False,Gate4,Gate 4
GPM_GR-150-Gate5-278,Gate Checklist-更新版,114,Quality Plan-Amanda Gu,GPM_GR-150,We Are Ready Audit at BW,Quality Plan,Gate 5,X,required,Verify that WAR Audit has been appropriately scheduled and performed in BW processes with positive result – Record discrepancies,GSM F004,Plant Quality,,False,Gate5,Gate 5
GPM_GR-151-Gate4-279,Gate Checklist-更新版,115,Quality Plan-Amanda Gu,GPM_GR-151,Control of Non Conforming Material,Quality Plan,Gate 4,X,required,Assure Control of Non Conforming Material exists and what happens with failed parts,Reaction Plan,Plant Quality,,False,Gate4,Gate 4
GPM_GR-153-Gate5-280,Gate Checklist-更新版,116,Quality Plan-Amanda Gu,GPM_GR-153,Customer Approval,Quality Plan,Gate 5,X,required,"Confirm that the customer has provided Full PPAP Approval to all part numbers. Interim Approval is considered a ""not met"" condition",Customer approval,Plant Quality,,False,Gate5,Gate 5
GPM_GR-153-Gate6-281,Gate Checklist-更新版,116,Quality Plan-Amanda Gu,GPM_GR-153,Customer Approval,Quality Plan,Gate 6,X,required,"Confirm that the customer has provided Full PPAP Approval to all part numbers. Interim Approval is considered a ""not met"" condition",Customer approval,Plant Quality,,False,Gate6,Gate 6
GPM_GR-110-Gate6-282,Gate Checklist-更新版,117,Quality Plan-Amanda Gu,GPM_GR-110,Customer Satisfaction: Quality Claims,Quality Plan,Gate 6,X,required,Check and track Quality performance,Quality Metrics,Plant Quality,,False,Gate6,Gate 6
GPM_GR-56-Gate0-283,Gate Checklist-更新版,119,Supply Chain Definition-Su Kang,GPM_GR-56,Review/ Set Supplier Cost Targets,Supply Chain Definition,Gate 0,X,required,Check status of the assumptions considered at the Gate 0 and at the current state,,Adv Purch Mgr,,False,CKO,Gate 0
GPM_GR-56-PKO-285,Gate Checklist-更新版,119,Supply Chain Definition-Su Kang,GPM_GR-56,Review/ Set Supplier Cost Targets,Supply Chain Definition,PKO,X,required,Check status of the assumptions considered at the Gate 0 and at the current state,,Adv Purch Mgr,,False,PKO,PKO
GPM_GR-56-Gate1-286,Gate Checklist-更新版,119,Supply Chain Definition-Su Kang,GPM_GR-56,Review/ Set Supplier Cost Targets,Supply Chain Definition,Gate 1,X,required,Check status of the assumptions considered at the Gate 0 and at the current state,,Adv Purch Mgr,,False,Gate1,Gate 1
GPM_GR-57-Gate0-287,Gate Checklist-更新版,120,Supply Chain Definition-Su Kang,GPM_GR-57,Establish target supplier list,Supply Chain Definition,Gate 0,X,required,Check if the target supplier list is finalized for all purchased part,,Adv Purch Mgr,,False,CKO,Gate 0
GPM_GR-57-PKO-289,Gate Checklist-更新版,120,Supply Chain Definition-Su Kang,GPM_GR-57,Establish target supplier list,Supply Chain Definition,PKO,X,required,Check if the target supplier list is finalized for all purchased part,,Adv Purch Mgr,,False,PKO,PKO
GPM_GR-57-Gate1-290,Gate Checklist-更新版,120,Supply Chain Definition-Su Kang,GPM_GR-57,Establish target supplier list,Supply Chain Definition,Gate 1,X,required,Check if the target supplier list is finalized for all purchased part,,Adv Purch Mgr,,False,Gate1,Gate 1
GPM_GR-58-Gate0-291,Gate Checklist-更新版,121,Supply Chain Definition-Su Kang,GPM_GR-58,Preliminary GSM NUD Evaluation,Supply Chain Definition,Gate 0,X,required,Check if the document has been developed,MP-S-015,Adv Purch Mgr,,False,CKO,Gate 0
GPM_GR-58-PKO-293,Gate Checklist-更新版,121,Supply Chain Definition-Su Kang,GPM_GR-58,Preliminary GSM NUD Evaluation,Supply Chain Definition,PKO,X,required,Check if the document has been developed,MP-S-015,Adv Purch Mgr,,False,PKO,PKO
GPM_GR-58-Gate1-294,Gate Checklist-更新版,121,Supply Chain Definition-Su Kang,GPM_GR-58,Preliminary GSM NUD Evaluation,Supply Chain Definition,Gate 1,X,required,Check if the document has been developed,MP-S-015,Adv Purch Mgr,,False,Gate1,Gate 1
GPM_GR-59-Gate0-295,Gate Checklist-更新版,122,Supply Chain Definition-Su Kang,GPM_GR-59,Present Supply Chain Strategy at Pre-SOBO,Supply Chain Definition,Gate 0,X,required,Check status of the assumptions considered at the Gate 0 and at the current state,MP-S-010,Adv Purch Mgr,,False,CKO,Gate 0
GPM_GR-59-PKO-296,Gate Checklist-更新版,122,Supply Chain Definition-Su Kang,GPM_GR-59,Present Supply Chain Strategy at Pre-SOBO,Supply Chain Definition,PKO,X,required,Check status of the assumptions considered at the Gate 0 and at the current state,MP-S-010,Adv Purch Mgr,,False,PKO,PKO
GPM_GR-59-Gate1-297,Gate Checklist-更新版,122,Supply Chain Definition-Su Kang,GPM_GR-59,Present Supply Chain Strategy at Pre-SOBO,Supply Chain Definition,Gate 1,X,required,Check status of the assumptions considered at the Gate 0 and at the current state,MP-S-010,Adv Purch Mgr,,False,Gate1,Gate 1
GPM_GR-60-Gate0-298,Gate Checklist-更新版,123,Supply Chain Definition-Su Kang,GPM_GR-60,Issue RFQ to suppliers,Supply Chain Definition,Gate 0,X,required,"Verify the % of estimated BOM from Gate 0, then verify that this gap has been closed (%BOM 100% quoted)",MP-S-002,Adv Purch Mgr,,False,CKO,Gate 0
GPM_GR-60-PKO-299,Gate Checklist-更新版,123,Supply Chain Definition-Su Kang,GPM_GR-60,Issue RFQ to suppliers,Supply Chain Definition,PKO,X,required,"Verify the % of estimated BOM from Gate 0, then verify that this gap has been closed (%BOM 100% quoted)",MP-S-002,Adv Purch Mgr,,False,PKO,PKO
GPM_GR-60-Gate1-300,Gate Checklist-更新版,123,Supply Chain Definition-Su Kang,GPM_GR-60,Issue RFQ to suppliers,Supply Chain Definition,Gate 1,X,required,"Verify the % of estimated BOM from Gate 0, then verify that this gap has been closed (%BOM 100% quoted)",MP-S-002,Adv Purch Mgr,,False,Gate1,Gate 1
GPM_GR-61-Gate0-301,Gate Checklist-更新版,124,Supply Chain Definition-Su Kang,GPM_GR-61,Receive Quote & Technical Proposal from Suppliers,Supply Chain Definition,Gate 0,X,required,Verify if there are significant pending quotations and technical proposal from supplier,,Adv Purch Mgr,,False,CKO,Gate 0
GPM_GR-61-PKO-302,Gate Checklist-更新版,124,Supply Chain Definition-Su Kang,GPM_GR-61,Receive Quote & Technical Proposal from Suppliers,Supply Chain Definition,PKO,X,required,Verify if there are significant pending quotations and technical proposal from supplier,,Adv Purch Mgr,,False,PKO,PKO
GPM_GR-61-Gate1-303,Gate Checklist-更新版,124,Supply Chain Definition-Su Kang,GPM_GR-61,Receive Quote & Technical Proposal from Suppliers,Supply Chain Definition,Gate 1,X,required,Verify if there are significant pending quotations and technical proposal from supplier,,Adv Purch Mgr,,False,Gate1,Gate 1
GPM_GR-62-Gate0-304,Gate Checklist-更新版,125,Supply Chain Definition-Su Kang,GPM_GR-62,Conduct Technical Reviews with Suppliers,Supply Chain Definition,Gate 0,X,required,Verify if there are significant pending quotations and technical proposal from supplier,MP-S-005,Adv Purch Mgr,,False,CKO,Gate 0
GPM_GR-62-PKO-305,Gate Checklist-更新版,125,Supply Chain Definition-Su Kang,GPM_GR-62,Conduct Technical Reviews with Suppliers,Supply Chain Definition,PKO,X,required,Verify if there are significant pending quotations and technical proposal from supplier,MP-S-005,Adv Purch Mgr,,False,PKO,PKO
GPM_GR-62-Gate1-306,Gate Checklist-更新版,125,Supply Chain Definition-Su Kang,GPM_GR-62,Conduct Technical Reviews with Suppliers,Supply Chain Definition,Gate 1,X,required,Verify if there are significant pending quotations and technical proposal from supplier,MP-S-005,Adv Purch Mgr,,False,Gate1,Gate 1
GPM_GR-63-CKO-307,Gate Checklist-更新版,126,Supply Chain Definition-Su Kang,GPM_GR-63,Identify any additional Supply Chain NUD's & Action Plans,Supply Chain Definition,CKO,X,required,Verify status of NUD action plan,MP-S-015 MP-PM-001 Attachment D,Adv Purch Mgr,,False,CKO,CKO
GPM_GR-63-PKO-308,Gate Checklist-更新版,126,Supply Chain Definition-Su Kang,GPM_GR-63,Identify any additional Supply Chain NUD's & Action Plans,Supply Chain Definition,PKO,X,required,Verify status of NUD action plan,MP-S-015 MP-PM-001 Attachment D,Adv Purch Mgr,,False,PKO,PKO
GPM_GR-63-Gate1-309,Gate Checklist-更新版,126,Supply Chain Definition-Su Kang,GPM_GR-63,Identify any additional Supply Chain NUD's & Action Plans,Supply Chain Definition,Gate 1,X,required,Verify status of NUD action plan,MP-S-015 MP-PM-001 Attachment D,Adv Purch Mgr,,False,Gate1,Gate 1
GPM_GR-65-PKO-310,Gate Checklist-更新版,127,Supply Chain Definition-Su Kang,GPM_GR-65,Communicate requested design changes to Prod. Eng,Supply Chain Definition,PKO,X,required,Check if there are significant pending supplier design changes requested that are communicated but still to be evaluated,,Adv Purch Mgr,,False,PKO,PKO
GPM_GR-65-Gate1-311,Gate Checklist-更新版,127,Supply Chain Definition-Su Kang,GPM_GR-65,Communicate requested design changes to Prod. Eng,Supply Chain Definition,Gate 1,X,required,Check if there are significant pending supplier design changes requested that are communicated but still to be evaluated,,Adv Purch Mgr,,False,Gate1,Gate 1
GPM_GR-67-Gate0-312,Gate Checklist-更新版,128,Supply Chain Definition-Su Kang,GPM_GR-67,Costed BOM assumptions with Risks - Form B,Supply Chain Definition,Gate 0,X,required,Check if the document has been developed,Form B,Adv Purch Mgr,,False,CKO,Gate 0
GPM_GR-67-PKO-313,Gate Checklist-更新版,128,Supply Chain Definition-Su Kang,GPM_GR-67,Costed BOM assumptions with Risks - Form B,Supply Chain Definition,PKO,X,required,Check if the document has been developed,Form B,Adv Purch Mgr,,False,PKO,PKO
GPM_GR-67-Gate1-314,Gate Checklist-更新版,128,Supply Chain Definition-Su Kang,GPM_GR-67,Costed BOM assumptions with Risks - Form B,Supply Chain Definition,Gate 1,X,required,Check if the document has been developed,Form B,Adv Purch Mgr,,False,Gate1,Gate 1
GPM_GR-68-Gate2-315,Gate Checklist-更新版,129,Supply Chain Definition-Su Kang,GPM_GR-68,SOBO Approval for Direct materials and Capital Equipment,Supply Chain Definition,Gate 2,X,required,Verify that Sourcing Board has been performed and suppliers identified and approved.  Confirm that all TFC's are approved and signed by both Supplier and BW and match to the last R3 revision released; Complete APQP Risk Assessment,MP-S-010,Adv Purch Mgr,,False,Gate2,Gate 2
GPM_GR-69-Gate2-316,Gate Checklist-更新版,130,Supply Chain Definition-Su Kang,GPM_GR-69,Issue Nomination Letter,Supply Chain Definition,Gate 2,X,required,Verify that Nomination Letters to suppliers have been released or are planned in time,MP-S-007,Adv Purch Mgr,,False,Gate2,Gate 2
GPM_GR-70-Gate2-317,Gate Checklist-更新版,131,Supply Chain Definition-Su Kang,GPM_GR-70,Enter AIF Info in SPS,Supply Chain Definition,Gate 2,X,required,Check with Supply chain that this activity is executed or planned in time,SPS Updated,Adv Purch Mgr,,False,Gate2,Gate 2
GPM_GR-71-Gate2-318,Gate Checklist-更新版,132,Supply Chain Definition-Su Kang,GPM_GR-71,APQP Kick-off Meeting,Supply Chain Definition,Gate 2,X,required,Check with Supply chain that this activity is executed or planned in time,GSM F019 eAPQP task 1.1.1 Kick-Off checklist Phase1,Adv Purch Mgr,,False,Gate2,Gate 2
GPM_GR-72-Gate2-319,Gate Checklist-更新版,133,Supply Chain Definition-Su Kang,GPM_GR-72,Issue Tooling / Equipment / PPAP PO,Supply Chain Definition,Gate 2,X,required,Verify execution or plan to release OTS and PPAP tooling PO to suppliers,,Adv Purch Mgr,,False,Gate2,Gate 2
GPM_GR-74-Gate0-320,Gate Checklist-更新版,135,"Supply Chain Quality-Denny Peng, 子零件开发任务清单，主要owner为AQE，转递给到SQD",GPM_GR-74,Supplier Packaging Form,Supply Chain Definition,Gate 0,X,required,"Gate 3: Verify the document is approved and signed by all areas
Gate 4: Verify that Supplier Packaging is approved and has been used for PPAP components shipments",GSM F012 Ivalua eAPQP task 4.1,Adv Purch Mgr,,False,CKO,Gate 0
GPM_GR-74-Gate3-321,Gate Checklist-更新版,135,"Supply Chain Quality-Denny Peng, 子零件开发任务清单，主要owner为AQE，转递给到SQD",GPM_GR-74,Supplier Packaging Form,Supply Chain Definition,Gate 3,X,required,Verify the document is approved and signed by all areas,GSM F012 Ivalua eAPQP task 4.1,Adv Purch Mgr,,False,Gate3,Gate 3
GPM_GR-74-Gate4-322,Gate Checklist-更新版,135,"Supply Chain Quality-Denny Peng, 子零件开发任务清单，主要owner为AQE，转递给到SQD",GPM_GR-74,Supplier Packaging Form,Supply Chain Definition,Gate 4,X,required,Verify that Supplier Packaging is approved and has been used for PPAP components shipments,GSM F012 Ivalua eAPQP task 4.1,Adv Purch Mgr,,False,Gate4,Gate 4
GPM_GR-75-Gate4-323,Gate Checklist-更新版,136,"Supply Chain Quality-Denny Peng, 子零件开发任务清单，主要owner为AQE，转递给到SQD",GPM_GR-75,Contracted Capacity Verified,Supply Chain Definition,Gate 4,X,required,Verify that the contracted capacity has been verified at supplier sites,GSM F028 Ivalua eAPQP task 4.3.2 Run At Rate For Capacity,SDE,,False,Gate4,Gate 4
GPM_GR-76-Gate4-324,Gate Checklist-更新版,137,"Supply Chain Quality-Denny Peng, 子零件开发任务清单，主要owner为AQE，转递给到SQD",GPM_GR-76,Supplier PPAP Submission,Supply Chain Definition,Gate 4,X,required,Confirm all suppliers submitted PPAP parts on time – track any discrepancy in the Launch Excellence Metric sheet,PowerBI - APQP Launch timing status per supplier,SDE,,False,Gate4,Gate 4
GPM_GR-77-Gate4-325,Gate Checklist-更新版,138,"Supply Chain Quality-Denny Peng, 子零件开发任务清单，主要owner为AQE，转递给到SQD",GPM_GR-77,Approve PPAP / Upload evidence,Supply Chain Definition,Gate 4,X,required,Confirm that all eAPQP tasks were completed intil Phase 4 (signed off PSW and Phase 4.0 APQP Gate closure).,PowerBI - APQP Launch timing status per supplier Dashboard with all Phase 4 tasks completed.,SDE,,False,Gate4,Gate 4
GPM_GR-78-Gate5-326,Gate Checklist-更新版,139,"Supply Chain Quality-Denny Peng, 子零件开发任务清单，主要owner为AQE，转递给到SQD",GPM_GR-78,We Are Ready Audit with Suppliers Successfully Closed,Supply Chain Definition,Gate 5,X,required,Verify that WAR Audit has been appropriately scheduled and performed at supplier sites with positive result – Record discrepancies,GSM F004 Ivalua eAPQP task 4.3.1 We Are Ready Audit,SDE,,False,Gate5,Gate 5
GPM_GR-79-Gate5-327,Gate Checklist-更新版,140,"Supply Chain Quality-Denny Peng, 子零件开发任务清单，主要owner为AQE，转递给到SQD",GPM_GR-79,Issue Supplier Agreement (Price list),Supply Chain Definition,Gate 5,X,required,Verify the activity is completed,,Adv Purch Mgr,,False,Gate5,Gate 5
GPM_GR-80-Gate5-328,Gate Checklist-更新版,141,"Supply Chain Quality-Denny Peng, 子零件开发任务清单，主要owner为AQE，转递给到SQD",GPM_GR-80,BOM Risk Summary,Supply Chain Definition,Gate 5,X,required,Verify the activity is completed,,Adv Purch Mgr,,False,Gate5,Gate 5
GPM_GR-73-Gate2-329,Gate Checklist-更新版,142,"Supply Chain Quality-Denny Peng, 子零件开发任务清单，主要owner为AQE，转递给到SQD",GPM_GR-73,APQP Supplier Launch Management,Supply Chain Definition,Gate 2,X,required,"Review the status of each an all suppliers in terms of APQP phases, PPAP submission and PSW approval.",PowerBI - APQP Launch timing status per supplier,SDE,,False,Gate2,Gate 2
GPM_GR-73-Gate3-330,Gate Checklist-更新版,142,"Supply Chain Quality-Denny Peng, 子零件开发任务清单，主要owner为AQE，转递给到SQD",GPM_GR-73,APQP Supplier Launch Management,Supply Chain Definition,Gate 3,X,required,"Review the status of each an all suppliers in terms of APQP phases, PPAP submission and PSW approval.",PowerBI - APQP Launch timing status per supplier,SDE,,False,Gate3,Gate 3
GPM_GR-73-Gate4-331,Gate Checklist-更新版,142,"Supply Chain Quality-Denny Peng, 子零件开发任务清单，主要owner为AQE，转递给到SQD",GPM_GR-73,APQP Supplier Launch Management,Supply Chain Definition,Gate 4,X,required,"Review the status of each an all suppliers in terms of APQP phases, PPAP submission and PSW approval.",PowerBI - APQP Launch timing status per supplier,SDE,,False,Gate4,Gate 4
GPM_GR-73-Gate5-332,Gate Checklist-更新版,142,"Supply Chain Quality-Denny Peng, 子零件开发任务清单，主要owner为AQE，转递给到SQD",GPM_GR-73,APQP Supplier Launch Management,Supply Chain Definition,Gate 5,X,required,"Review the status of each an all suppliers in terms of APQP phases, PPAP submission and PSW approval.",PowerBI - APQP Launch timing status per supplier,SDE,,False,Gate5,Gate 5
GPM_GR-154-Gate4-333,Gate Checklist-更新版,143,"Supply Chain Quality-Denny Peng, 子零件开发任务清单，主要owner为AQE，转递给到SQD",GPM_GR-154,Signed PSW's,Supply Chain Definition,Gate 4,X,required,PSW approval status per part number. *Only PSW full approval is expected.,PSW Ivalua eAPQP task 4.7 Signed PSW,SDE,,False,Gate4,Gate 4
GPM_GR-154-Gate5-334,Gate Checklist-更新版,143,"Supply Chain Quality-Denny Peng, 子零件开发任务清单，主要owner为AQE，转递给到SQD",GPM_GR-154,Signed PSW's,Supply Chain Definition,Gate 5,X,required,PSW approval status per part number. *Only PSW full approval is expected.,PSW Ivalua eAPQP task 4.7 Signed PSW,SDE,,False,Gate5,Gate 5
GPM_GR-155-Gate4-335,Gate Checklist-更新版,144,"Supply Chain Quality-Denny Peng, 子零件开发任务清单，主要owner为AQE，转递给到SQD",GPM_GR-155,EPC Data,Supply Chain Definition,Gate 4,X,required,EPC data from suppliers available in Ivalua eAPQP. Highlight any risks that could impact the launch of the program or should be monitored at the plant,PowerBI - APQP Launch timing status per supplier with all Phase 5 tasks completed.,SDE,,False,Gate4,Gate 4
GPM_GR-155-Gate5-336,Gate Checklist-更新版,144,"Supply Chain Quality-Denny Peng, 子零件开发任务清单，主要owner为AQE，转递给到SQD",GPM_GR-155,EPC Data,Supply Chain Definition,Gate 5,X,required,EPC data from suppliers available in Ivalua eAPQP. Highlight any risks that could impact the launch of the program or should be monitored at the plant,PowerBI - APQP Launch timing status per supplier with all Phase 5 tasks completed.,SDE,,False,Gate5,Gate 5
GPM_GR-156-Gate2-337,Gate Checklist-更新版,145,"Supply Chain Quality-Denny Peng, 子零件开发任务清单，主要owner为AQE，转递给到SQD",GPM_GR-156,Pass Through characteristics form,Supply Chain Definition,Gate 2,X,required,Form created with basic information,GSM-F024,SDE,,False,Gate2,Gate 2
GPM_GR-156-Gate3-338,Gate Checklist-更新版,145,"Supply Chain Quality-Denny Peng, 子零件开发任务清单，主要owner为AQE，转递给到SQD",GPM_GR-156,Pass Through characteristics form,Supply Chain Definition,Gate 3,X,required,Matrix updated,GSM-F024,SDE,,False,Gate3,Gate 3
GPM_GR-156-Gate4-339,Gate Checklist-更新版,145,"Supply Chain Quality-Denny Peng, 子零件开发任务清单，主要owner为AQE，转递给到SQD",GPM_GR-156,Pass Through characteristics form,Supply Chain Definition,Gate 4,X,required,Matrix updated,GSM-F024,SDE,,False,Gate4,Gate 4
GPM_GR-157-Gate2-340,Gate Checklist-更新版,146,"Supply Chain Quality-Denny Peng, 子零件开发任务清单，主要owner为AQE，转递给到SQD",GPM_GR-157,Supplier Tooling Checklist and Tooling Data Sheet,Supply Chain Definition,Gate 2,X,required,Forms created,GSM-F025 GSM-F026,SDE,,False,Gate2,Gate 2
GPM_GR-157-Gate3-341,Gate Checklist-更新版,146,"Supply Chain Quality-Denny Peng, 子零件开发任务清单，主要owner为AQE，转递给到SQD",GPM_GR-157,Supplier Tooling Checklist and Tooling Data Sheet,Supply Chain Definition,Gate 3,X,required,"Complete tooling information for BorgWarner or BorgWarner customer owned tooling.
Gate 3-5: Forms updated",GSM-F025 GSM-F026,SDE,,False,Gate3,Gate 3
GPM_GR-157-Gate4-342,Gate Checklist-更新版,146,"Supply Chain Quality-Denny Peng, 子零件开发任务清单，主要owner为AQE，转递给到SQD",GPM_GR-157,Supplier Tooling Checklist and Tooling Data Sheet,Supply Chain Definition,Gate 4,X,required,"Complete tooling information for BorgWarner or BorgWarner customer owned tooling.
Gate 3-5: Forms updated",GSM-F025 GSM-F026,SDE,,False,Gate4,Gate 4
GPM_GR-157-Gate5-343,Gate Checklist-更新版,146,"Supply Chain Quality-Denny Peng, 子零件开发任务清单，主要owner为AQE，转递给到SQD",GPM_GR-157,Supplier Tooling Checklist and Tooling Data Sheet,Supply Chain Definition,Gate 5,X,required,"Complete tooling information for BorgWarner or BorgWarner customer owned tooling.
Gate 3-5: Forms updated",GSM-F025 GSM-F026,SDE,,False,Gate5,Gate 5
GPM_GR-158-Gate4-344,Gate Checklist-更新版,147,"Supply Chain Quality-Denny Peng, 子零件开发任务清单，主要owner为AQE，转递给到SQD",GPM_GR-158,Correlation Studies between Supplier and BW,Supply Chain Definition,Gate 4,X,required,Supplier will provide full layout inspection results (5 pcs) and BW will perform full layout inspection to 5 pieces (random parts) from PPAP samples. Both inspection reports will have to correlate showing 100% of dimensions according to print.,Full layout inspection reports (Supplier and BW),SDE,,False,Gate4,Gate 4
GPM_GR-112-Gate6-345,Gate Checklist-更新版,148,"Supply Chain Quality-Denny Peng, 子零件开发任务清单，主要owner为AQE，转递给到SQD",GPM_GR-112,Supplier's Quality performance,Supply Chain Definition,Gate 6,X,required,Check and track supplier’s quality performance,SPS,SDE,,False,Gate6,Gate 6
